{
    "providers": [
	{
            "type": "ttf",
            "file": "minecraft:negative_spaces.ttf",
            "shift": [0.0,0.0],
            "size": 10.0,
            "oversample": 1.0
        },
        {
            "type": "bitmap",
            "file": "minecraft:fnaf/title.png",
            "ascent": 20,
            "height": 48,
            "chars": ["\uE000"]
        },
        {
            "type": "bitmap",
            "file": "minecraft:fnaf/skins_icons/bonnie_chocolate.png",
            "ascent": 10,
            "height": 28,
            "chars": ["\uE001"]
        },
        {
            "type": "bitmap",
            "file": "minecraft:fnaf/skins_icons/bonnie_spring.png",
            "ascent": 10,
            "height": 28,
            "chars": ["\uE002"]
        },
        {
            "type": "bitmap",
            "file": "minecraft:fnaf/skins_icons/bonnie_magma.png",
            "ascent": 10,
            "height": 28,
            "chars": ["\uE003"]
        },
        {
            "type": "bitmap",
            "file": "minecraft:fnaf/skins_icons/bonnie_shadow.png",
            "ascent": 10,
            "height": 28,
            "chars": ["\uE004"]
        },
        {
            "type": "bitmap",
            "file": "minecraft:fnaf/skins_icons/chica_default.png",
            "ascent": 10,
            "height": 28,
            "chars": ["\uE005"]
        },
        {
            "type": "bitmap",
            "file": "minecraft:fnaf/skins_icons/chica_phantom.png",
            "ascent": 10,
            "height": 28,
            "chars": ["\uE006"]
        },
        {
            "type": "bitmap",
            "file": "minecraft:fnaf/skins_icons/chica_burning.png",
            "ascent": 10,
            "height": 28,
            "chars": ["\uE007"]
        },
        {
            "type": "bitmap",
            "file": "minecraft:fnaf/skins_icons/chica_liberty.png",
            "ascent": 10,
            "height": 28,
            "chars": ["\uE008"]
        },
        {
            "type": "bitmap",
            "file": "minecraft:fnaf/skins_icons/chica_glamrock.png",
            "ascent": 10,
            "height": 28,
            "chars": ["\uE009"]
        },
        {
            "type": "bitmap",
            "file": "minecraft:fnaf/skins_icons/freddy_default.png",
            "ascent": 10,
            "height": 28,
            "chars": ["\uE010"]
        },
        {
            "type": "bitmap",
            "file": "minecraft:fnaf/skins_icons/freddy_usa.png",
            "ascent": 10,
            "height": 28,
            "chars": ["\uE011"]
        },
        {
            "type": "bitmap",
            "file": "minecraft:fnaf/skins_icons/freddy_ice.png",
            "ascent": 10,
            "height": 28,
            "chars": ["\uE012"]
        },
        {
            "type": "bitmap",
            "file": "minecraft:fnaf/skins_icons/freddy_neon.png",
            "ascent": 10,
            "height": 28,
            "chars": ["\uE013"]
        },
        {
            "type": "bitmap",
            "file": "minecraft:fnaf/skins_icons/freddy_glamrock.png",
            "ascent": 10,
            "height": 28,
            "chars": ["\uE014"]
        },
        {
            "type": "bitmap",
            "file": "minecraft:fnaf/skins_icons/balcom.png",
            "ascent": 10,
            "height": 28,
            "chars": ["\uE015"]
        },
        {
            "type": "bitmap",
            "file": "minecraft:fnaf/burnt_camera.png",
            "ascent": 34,
            "height": 130,
            "chars": ["\uE016"]
        },
        {
            "type": "bitmap",
            "file": "minecraft:fnaf/frozen_camera.png",
            "ascent": 34,
            "height": 130,
            "chars": ["\uE017"]
        },
        {
            "type": "bitmap",
            "file": "minecraft:fnaf/select.png",
            "ascent": 12,
            "height": 16,
            "chars": ["\uE018"]
        },
        {
            "type": "bitmap",
            "file": "minecraft:fnaf/random.png",
            "ascent": 12,
            "height": 16,
            "chars": ["\uE019"]
        },
        {
            "type": "bitmap",
            "file": "minecraft:fnaf/skins.png",
            "ascent": 12,
            "height": 16,
            "chars": ["\uE020"]
        },
        {
            "type": "bitmap",
            "file": "minecraft:fnaf/mp_l5.png",
            "ascent": 9,
            "height": 9,
            "chars": ["\uE021"]
        },
        {
            "type": "bitmap",
            "file": "minecraft:fnaf/mp_l10.png",
            "ascent": 9,
            "height": 9,
            "chars": ["\uE022"]
        },
        {
            "type": "bitmap",
            "file": "minecraft:fnaf/mp_bj.png",
            "ascent": 9,
            "height": 9,
            "chars": ["\uE023"]
        },
        {
            "type": "bitmap",
            "file": "minecraft:fnaf/mp_r5.png",
            "ascent": 9,
            "height": 9,
            "chars": ["\uE024"]
        },
        {
            "type": "bitmap",
            "file": "minecraft:fnaf/mp_r10.png",
            "ascent": 9,
            "height": 9,
            "chars": ["\uE025"]
        },
        {
            "type": "bitmap",
            "file": "minecraft:fnaf/mp_cj.png",
            "ascent": 9,
            "height": 9,
            "chars": ["\uE026"]
        },
        {
            "type": "bitmap",
            "file": "minecraft:fnaf/mp_h5.png",
            "ascent": 9,
            "height": 9,
            "chars": ["\uE027"]
        },
        {
            "type": "bitmap",
            "file": "minecraft:fnaf/mp_h10.png",
            "ascent": 9,
            "height": 9,
            "chars": ["\uE028"]
        },
        {
            "type": "bitmap",
            "file": "minecraft:fnaf/mp_gf.png",
            "ascent": 9,
            "height": 9,
            "chars": ["\uE029"]
        },
        {
            "type": "bitmap",
            "file": "minecraft:fnaf/usage_green.png",
            "ascent": 8,
            "height": 9,
            "chars": ["\uE030"]
        },
        {
            "type": "bitmap",
            "file": "minecraft:fnaf/usage_yellow.png",
            "ascent": 8,
            "height": 9,
            "chars": ["\uE031"]
        },
        {
            "type": "bitmap",
            "file": "minecraft:fnaf/usage_red.png",
            "ascent": 8,
            "height": 9,
            "chars": ["\uE032"]
        },
	{
            "type": "bitmap",
            "file": "minecraft:fnaf/blip1.png",
            "ascent": 250,
            "height": 350,
            "chars": ["\uE033"]
        },
	{
            "type": "bitmap",
            "file": "minecraft:fnaf/blip2.png",
            "ascent": 250,
            "height": 350,
            "chars": ["\uE034"]
        },
	{
            "type": "bitmap",
            "file": "minecraft:fnaf/blip3.png",
            "ascent": 250,
            "height": 350,
            "chars": ["\uE035"]
        },
	{
            "type": "bitmap",
            "file": "minecraft:fnaf/blip4.png",
            "ascent": 250,
            "height": 350,
            "chars": ["\uE036"]
        },
	{
            "type": "bitmap",
            "file": "minecraft:fnaf/h1.png",
            "ascent": 430,
            "height": 630,
            "chars": ["\uE037"]
        },
	{
            "type": "bitmap",
            "file": "minecraft:fnaf/h2.png",
            "ascent": 430,
            "height": 630,
            "chars": ["\uE038"]
        },
	{
            "type": "bitmap",
            "file": "minecraft:fnaf/h3.png",
            "ascent": 430,
            "height": 630,
            "chars": ["\uE039"]
        },
	{
            "type": "bitmap",
            "file": "minecraft:fnaf/h4.png",
            "ascent": 430,
            "height": 630,
            "chars": ["\uE040"]
        },
	{
            "type": "bitmap",
            "file": "minecraft:fnaf/h5.png",
            "ascent": 430,
            "height": 630,
            "chars": ["\uE041"]
        },
	{
            "type": "bitmap",
            "file": "minecraft:fnaf/jumpscare/golden_freddy.png",
            "ascent": 430,
            "height": 630,
            "chars": ["\uE042"]
        },
	{
            "type": "bitmap",
            "file": "minecraft:fnaf/5_6_am/1.png",
            "ascent": 20,
            "height": 34,
            "chars": ["\uE043"]
        },
	{
            "type": "bitmap",
            "file": "minecraft:fnaf/5_6_am/2.png",
            "ascent": 20,
            "height": 34,
            "chars": ["\uE044"]
        },
	{
            "type": "bitmap",
            "file": "minecraft:fnaf/5_6_am/3.png",
            "ascent": 20,
            "height": 34,
            "chars": ["\uE045"]
        },
	{
            "type": "bitmap",
            "file": "minecraft:fnaf/5_6_am/4.png",
            "ascent": 20,
            "height": 34,
            "chars": ["\uE046"]
        },
	{
            "type": "bitmap",
            "file": "minecraft:fnaf/5_6_am/5.png",
            "ascent": 20,
            "height": 34,
            "chars": ["\uE047"]
        },
	{
            "type": "bitmap",
            "file": "minecraft:fnaf/5_6_am/6.png",
            "ascent": 20,
            "height": 34,
            "chars": ["\uE048"]
        },
	{
            "type": "bitmap",
            "file": "minecraft:fnaf/5_6_am/7.png",
            "ascent": 20,
            "height": 34,
            "chars": ["\uE049"]
        },
	{
            "type": "bitmap",
            "file": "minecraft:fnaf/5_6_am/8.png",
            "ascent": 20,
            "height": 34,
            "chars": ["\uE050"]
        },
	{
            "type": "bitmap",
            "file": "minecraft:fnaf/5_6_am/9.png",
            "ascent": 20,
            "height": 34,
            "chars": ["\uE051"]
        },
	{
            "type": "bitmap",
            "file": "minecraft:fnaf/5_6_am/10.png",
            "ascent": 20,
            "height": 34,
            "chars": ["\uE052"]
        },
	{
            "type": "bitmap",
            "file": "minecraft:fnaf/5_6_am/11.png",
            "ascent": 20,
            "height": 34,
            "chars": ["\uE053"]
        },
	{
            "type": "bitmap",
            "file": "minecraft:fnaf/5_6_am/12.png",
            "ascent": 20,
            "height": 34,
            "chars": ["\uE054"]
        },
	{
            "type": "bitmap",
            "file": "minecraft:fnaf/5_6_am/13.png",
            "ascent": 20,
            "height": 34,
            "chars": ["\uE055"]
        },
	{
            "type": "bitmap",
            "file": "minecraft:fnaf/5_6_am/14.png",
            "ascent": 20,
            "height": 34,
            "chars": ["\uE056"]
        },
	{
            "type": "bitmap",
            "file": "minecraft:fnaf/5_6_am/15.png",
            "ascent": 20,
            "height": 34,
            "chars": ["\uE057"]
        },
	{
            "type": "bitmap",
            "file": "minecraft:fnaf/mpoints.png",
            "ascent": 8,
            "height": 9,
            "chars": ["\uE058"]
        },
	{
            "type": "bitmap",
            "file": "minecraft:fnaf/spoints.png",
            "ascent": 8,
            "height": 9,
            "chars": ["\uE059"]
        },
	{
            "type": "bitmap",
            "file": "minecraft:fnaf/cdown.png",
            "ascent": 8,
            "height": 9,
            "chars": ["\uE060"]
        },
	{
            "type": "bitmap",
            "file": "minecraft:fnaf/display/am_12.png",
            "ascent": 32,
            "height": 32,
            "chars": ["\uA012"]
        },
	{
            "type": "bitmap",
            "file": "minecraft:fnaf/display/am_1.png",
            "ascent": 32,
            "height": 32,
            "chars": ["\uA001"]
        },
	{
            "type": "bitmap",
            "file": "minecraft:fnaf/display/am_2.png",
            "ascent": 32,
            "height": 32,
            "chars": ["\uA002"]
        },
	{
            "type": "bitmap",
            "file": "minecraft:fnaf/display/am_3.png",
            "ascent": 32,
            "height": 32,
            "chars": ["\uA003"]
        },
	{
            "type": "bitmap",
            "file": "minecraft:fnaf/display/am_4.png",
            "ascent": 32,
            "height": 32,
            "chars": ["\uA004"]
        },
	{
            "type": "bitmap",
            "file": "minecraft:fnaf/display/am_5.png",
            "ascent": 32,
            "height": 32,
            "chars": ["\uA005"]
        },
	{
            "type": "bitmap",
            "file": "minecraft:fnaf/display/night_1.png",
            "ascent": 32,
            "height": 32,
            "chars": ["\uB001"]
        },
	{
            "type": "bitmap",
            "file": "minecraft:fnaf/display/night_2.png",
            "ascent": 32,
            "height": 32,
            "chars": ["\uB002"]
        },
	{
            "type": "bitmap",
            "file": "minecraft:fnaf/display/night_3.png",
            "ascent": 32,
            "height": 32,
            "chars": ["\uB003"]
        },
	{
            "type": "bitmap",
            "file": "minecraft:fnaf/display/night_4.png",
            "ascent": 32,
            "height": 32,
            "chars": ["\uB004"]
        },
	{
            "type": "bitmap",
            "file": "minecraft:fnaf/display/night_5.png",
            "ascent": 32,
            "height": 32,
            "chars": ["\uB005"]
        },
	{
            "type": "bitmap",
            "file": "minecraft:fnaf/display/night_6.png",
            "ascent": 32,
            "height": 32,
            "chars": ["\uB006"]
        },
	{
            "type": "bitmap",
            "file": "minecraft:fnaf/display/night_7.png",
            "ascent": 32,
            "height": 32,
            "chars": ["\uB007"]
        },
	{
            "type": "bitmap",
            "file": "minecraft:fnaf/display/night_7_h.png",
            "ascent": 32,
            "height": 32,
            "chars": ["\uB008"]
        },
	{
            "type": "bitmap",
            "file": "minecraft:fnaf/display/usage_1.png",
            "ascent": 20,
            "height": 64,
            "chars": ["\uC001"]
        },
	{
            "type": "bitmap",
            "file": "minecraft:fnaf/display/usage_2.png",
            "ascent": 20,
            "height": 64,
            "chars": ["\uC002"]
        },
	{
            "type": "bitmap",
            "file": "minecraft:fnaf/display/usage_3.png",
            "ascent": 20,
            "height": 64,
            "chars": ["\uC003"]
        },
	{
            "type": "bitmap",
            "file": "minecraft:fnaf/display/usage_4.png",
            "ascent": 20,
            "height": 64,
            "chars": ["\uC004"]
        },
	{
            "type": "bitmap",
            "file": "minecraft:fnaf/display/camera.png",
            "ascent": 20,
            "height": 40,
            "chars": ["\uC000"]
        },
	{
            "type": "bitmap",
            "file": "minecraft:fnaf/newspaper.png",
            "ascent": 90,
            "height": 160,
            "chars": ["\uC005"]
        },
	{
            "type": "bitmap",
            "file": "minecraft:fnaf/black.png",
            "ascent": 90,
            "height": 160,
            "chars": ["\uC006"]
        },
	{
            "type": "bitmap",
            "file": "minecraft:fnaf/display/camera_hint.png",
            "ascent": 20,
            "height": 40,
            "chars": ["\uC007"]
        },
	{
            "type": "bitmap",
            "file": "minecraft:fnaf/display/title_1.png",
            "ascent": 15,
            "height": 35,
            "chars": ["\uC008"]
        },
	{
            "type": "bitmap",
            "file": "minecraft:fnaf/display/title_2.png",
            "ascent": 15,
            "height": 35,
            "chars": ["\uC009"]
        },
	{
            "type": "bitmap",
            "file": "minecraft:fnaf/display/title_3.png",
            "ascent": 15,
            "height": 35,
            "chars": ["\uC010"]
        },
	{
            "type": "bitmap",
            "file": "minecraft:fnaf/display/title_4.png",
            "ascent": 15,
            "height": 35,
            "chars": ["\uC011"]
        },
	{
            "type": "bitmap",
            "file": "minecraft:fnaf/display/title_5.png",
            "ascent": 15,
            "height": 35,
            "chars": ["\uC012"]
        },
	{
            "type": "bitmap",
            "file": "minecraft:fnaf/display/title_6.png",
            "ascent": 15,
            "height": 35,
            "chars": ["\uC013"]
        },
	{
            "type": "bitmap",
            "file": "minecraft:fnaf/display/title_7.png",
            "ascent": 15,
            "height": 35,
            "chars": ["\uC014"]
        },
	{
            "type": "bitmap",
            "file": "minecraft:fnaf/display/title_7_h.png",
            "ascent": 15,
            "height": 35,
            "chars": ["\uC015"]
        },
	{
            "type": "bitmap",
            "file": "minecraft:fnaf/display/disclaimer.png",
            "ascent": 10,
            "height": 20,
            "chars": ["\uC016"]
        },
	{
            "type": "bitmap",
            "file": "minecraft:fnaf/display/credits.png",
            "ascent": 10,
            "height": 20,
            "chars": ["\uC017"]
        },
	{
            "type": "bitmap",
            "file": "minecraft:fnaf/display/game_over.png",
            "ascent": 110,
            "height": 160,
            "chars": ["\uC018"]
        }
    ]
}