{
	"__credit": "Generated using Animated Java (https://animated-java.dev/)",
	"textures": {
		"0": "minecraft:fnaf/bonnie/default",
		"14": "minecraft:fnaf/bonnie/old",
		"16": "minecraft:fnaf/bonnie/plus"
	},
	"elements": [
		{
			"faces": {
				"north": {"uv": [14.25, 5, 16, 6], "texture": "#0"},
				"east": {"uv": [12.75, 5, 14.25, 6], "texture": "#0"},
				"south": {"uv": [14.25, 2.5, 16, 3.5], "texture": "#0"},
				"west": {"uv": [12.75, 4, 14.25, 5], "texture": "#0"},
				"up": {"uv": [14.25, 3.5, 16, 5], "texture": "#0"}
			},
			"to": [9.80774, 12.16621, 9.53562],
			"from": [6.22464, 10.11872, 6.46438],
			"rotation": {"angle": 0, "axis": "y", "origin": [3.66528, 6.02374, 3.39315]}
		},
		{
			"faces": {
				"north": {"uv": [13.75, 7.25, 16, 9.75], "texture": "#0"},
				"east": {"uv": [12.5, 8.5, 13.75, 11], "texture": "#0"},
				"south": {"uv": [13.75, 9.75, 16, 12.25], "texture": "#0"},
				"west": {"uv": [12.5, 6, 13.75, 8.5], "texture": "#0"},
				"up": {"uv": [13.75, 6, 16, 7.25], "texture": "#0"},
				"down": {"uv": [13.75, 12.25, 16, 13.5], "texture": "#0"}
			},
			"to": [10.31962, 10.11872, 9.53562],
			"from": [5.71277, 5, 6.46438],
			"rotation": {"angle": 0, "axis": "y", "origin": [3.66528, 6.02374, 3.39315]}
		},
		{
			"faces": {
				"north": {"uv": [10.25, 6.5, 12, 8.5], "texture": "#0"},
				"east": {"uv": [9.75, 6.5, 10.25, 8.5], "texture": "#0"},
				"west": {"uv": [12, 6.5, 12.5, 8.5], "texture": "#0"},
				"up": {"uv": [10.75, 6, 12.5, 6.5], "texture": "#0"},
				"down": {"uv": [9, 6, 10.75, 6.5], "texture": "#0"}
			},
			"to": [9.80774, 10.11872, 6.46438],
			"from": [6.22464, 6.02374, 5.44064],
			"rotation": {"angle": 0, "axis": "y", "origin": [3.66528, 6.02374, 3.39315]}
		},
		{
			"faces": {
				"north": {"uv": [11.5, 5.75, 12.75, 6], "texture": "#0"},
				"east": {"uv": [11.5, 5.75, 12.75, 6], "texture": "#0"},
				"south": {"uv": [11.5, 5.75, 12.75, 6], "texture": "#0"},
				"west": {"uv": [11.5, 5.75, 12.75, 6], "texture": "#0"},
				"up": {"uv": [11.5, 5.75, 12.75, 6], "texture": "#0"},
				"down": {"uv": [11.5, 5.75, 12.75, 6], "texture": "#0"}
			},
			"to": [9.29587, 10.63059, 6.46438],
			"from": [6.73651, 10.11872, 5.95251],
			"rotation": {"angle": 0, "axis": "y", "origin": [3.66528, 6.02374, 3.39315]}
		},
		{
			"faces": {
				"north": {"uv": [14, 13.75, 14.5, 14.5], "texture": "#0"},
				"east": {"uv": [13.75, 13.75, 14, 14.5], "texture": "#0"},
				"west": {"uv": [14.5, 13.75, 14.75, 14.5], "texture": "#0"},
				"up": {"uv": [14, 13.5, 14.5, 13.75], "texture": "#0"},
				"down": {"uv": [14, 14.5, 14.5, 14.75], "texture": "#0"}
			},
			"to": [9.29587, 12.16621, 6.46438],
			"from": [8.27213, 10.63059, 5.95251],
			"rotation": {"angle": 0, "axis": "y", "origin": [3.66528, 6.02374, 3.39315]}
		},
		{
			"faces": {
				"north": {"uv": [15.25, 13.75, 15.75, 14.5], "texture": "#0"},
				"east": {"uv": [15, 13.75, 15.25, 14.5], "texture": "#0"},
				"west": {"uv": [15.75, 13.75, 16, 14.5], "texture": "#0"},
				"up": {"uv": [15.25, 13.5, 15.75, 13.75], "texture": "#0"},
				"down": {"uv": [15.25, 14.5, 15.75, 14.75], "texture": "#0"}
			},
			"to": [7.76026, 12.16621, 6.46438],
			"from": [6.73651, 10.63059, 5.95251],
			"rotation": {"angle": 0, "axis": "y", "origin": [3.66528, 6.02374, 3.39315]}
		},
		{
			"faces": {
				"north": {"uv": [14.75, 14, 15, 14.25], "texture": "#0"},
				"east": {"uv": [14.75, 14, 15, 14.25], "texture": "#0"},
				"south": {"uv": [14.75, 14, 15, 14.25], "texture": "#0"},
				"west": {"uv": [14.75, 14, 15, 14.25], "texture": "#0"},
				"up": {"uv": [14.75, 14, 15, 14.25], "texture": "#0"},
				"down": {"uv": [14.75, 14, 15, 14.25], "texture": "#0"}
			},
			"to": [8.27213, 11.65434, 6.46438],
			"from": [7.76026, 11.14246, 5.95251],
			"rotation": {"angle": 0, "axis": "y", "origin": [3.66528, 6.02374, 3.39315]}
		},
		{
			"faces": {
				"north": {"uv": [0.5, 15.5, 1, 16], "texture": "#0"},
				"east": {"uv": [1, 14.5, 1.5, 15.5], "rotation": 90, "texture": "#0"},
				"south": {"uv": [1, 15.5, 1.5, 16], "texture": "#0"},
				"west": {"uv": [0, 14.5, 0.5, 15.5], "rotation": 90, "texture": "#0"},
				"up": {"uv": [0.5, 14.5, 1, 15.5], "texture": "#0"},
				"down": {"uv": [1.5, 15, 2, 16], "texture": "#0"}
			},
			"to": [10.83149, 12.67808, 9.02374],
			"from": [9.80774, 11.65434, 6.97626],
			"rotation": {"angle": 0, "axis": "y", "origin": [6.22464, 11.14246, 8]}
		},
		{
			"faces": {
				"north": {"uv": [0.5, 15.5, 1, 16], "texture": "#0"},
				"east": {"uv": [1, 14.5, 1.5, 15.5], "rotation": 90, "texture": "#0"},
				"south": {"uv": [1, 15.5, 1.5, 16], "texture": "#0"},
				"west": {"uv": [0, 14.5, 0.5, 15.5], "rotation": 90, "texture": "#0"},
				"up": {"uv": [0.5, 14.5, 1, 15.5], "texture": "#0"},
				"down": {"uv": [1.5, 15, 2, 16], "texture": "#0"}
			},
			"to": [6.22464, 12.67808, 9.02374],
			"from": [5.2009, 11.65434, 6.97626],
			"rotation": {"angle": 0, "axis": "y", "origin": [6.22464, 11.14246, 8]}
		},
		{
			"faces": {
				"north": {"uv": [10.5, 1, 12.75, 4.5], "texture": "#14"},
				"east": {"uv": [9.5, 1, 10.5, 4.5], "texture": "#14"},
				"south": {"uv": [13.75, 1, 16, 4.5], "texture": "#14"},
				"west": {"uv": [12.75, 1, 13.75, 4.5], "texture": "#14"},
				"up": {"uv": [10.5, 0, 12.75, 1], "texture": "#14"},
				"down": {"uv": [12.75, 0, 15, 1], "texture": "#14"}
			},
			"to": [10.31962, 12.16621, 9.02374],
			"from": [5.71277, 5, 6.97626],
			"rotation": {"angle": 0, "axis": "y", "origin": [8.01619, -2.16621, 7.48813]}
		},
		{
			"faces": {
				"north": {"uv": [10.75, 1.5, 12.5, 3.75], "texture": "#14"},
				"east": {"uv": [10.75, 1.5, 11, 3.75], "texture": "#14"},
				"west": {"uv": [12.25, 1.5, 12.5, 3.75], "texture": "#14"},
				"up": {"uv": [10.75, 1.5, 12.5, 1.75], "texture": "#14"},
				"down": {"uv": [10.75, 3.5, 12.5, 3.75], "texture": "#14"}
			},
			"to": [9.80774, 11.14246, 6.97626],
			"from": [6.22464, 6.53562, 6.46438],
			"rotation": {"angle": 0, "axis": "y", "origin": [8.01619, 5, 8]}
		},
		{
			"faces": {
				"north": {"uv": [9.5, 4.5, 10.25, 5.25], "texture": "#14"},
				"east": {"uv": [9.5, 4.5, 9.75, 5.25], "texture": "#14"},
				"south": {"uv": [10.25, 4.5, 9.5, 5.25], "texture": "#14"},
				"west": {"uv": [10, 4.5, 10.255, 5.25], "texture": "#14"},
				"up": {"uv": [10.25, 4.5, 9.5, 4.75], "texture": "#14"},
				"down": {"uv": [10.25, 5, 9.5, 5.25], "texture": "#14"}
			},
			"to": [9.81286, 12.16621, 6.97626],
			"from": [8.27213, 10.63059, 6.46438],
			"rotation": {"angle": 22.5, "axis": "x", "origin": [8.01619, 11.65434, 6.46438]}
		},
		{
			"faces": {
				"north": {"uv": [10.5, 4.5, 11.25, 5.25], "texture": "#14"},
				"east": {"uv": [10.5, 4.5, 10.75, 5.25], "texture": "#14"},
				"south": {"uv": [11.25, 4.5, 10.5, 5.25], "texture": "#14"},
				"west": {"uv": [11, 4.5, 11.255, 5.25], "texture": "#14"},
				"up": {"uv": [11.25, 4.5, 10.5, 4.75], "texture": "#14"},
				"down": {"uv": [11.25, 5, 10.5, 5.25], "texture": "#14"}
			},
			"to": [7.76026, 12.16621, 6.97626],
			"from": [6.21952, 10.63059, 6.46438],
			"rotation": {"angle": 22.5, "axis": "x", "origin": [8.01619, 11.65434, 6.46438]}
		},
		{
			"faces": {
				"north": {"uv": [10.25, 4.5, 10.5, 5], "texture": "#14"},
				"east": {"uv": [10.25, 4.5, 10.5, 5], "texture": "#14"},
				"south": {"uv": [10.25, 4.5, 10.5, 5], "texture": "#14"},
				"west": {"uv": [10.25, 4.5, 10.5, 5], "texture": "#14"},
				"up": {"uv": [10.25, 4.5, 10.5, 4.75], "texture": "#14"},
				"down": {"uv": [10.25, 4.75, 10.5, 5], "texture": "#14"}
			},
			"to": [8.27213, 11.91027, 6.97626],
			"from": [7.76026, 10.88653, 6.46438],
			"rotation": {"angle": 22.5, "axis": "x", "origin": [8.01619, 11.65434, 6.46438]}
		},
		{
			"faces": {
				"north": {"uv": [11.5, 5.5, 12.25, 8], "texture": "#14"},
				"east": {"uv": [12.25, 5.5, 11.5, 8], "texture": "#14"},
				"south": {"uv": [11.5, 5.5, 12.25, 8], "texture": "#14"},
				"west": {"uv": [11.5, 5.5, 12.25, 8], "texture": "#14"},
				"up": {"uv": [11.5, 5.5, 12.25, 8], "rotation": 270, "texture": "#14"},
				"down": {"uv": [11.5, 5.5, 12.25, 8], "rotation": 90, "texture": "#14"}
			},
			"to": [5.09852, 12.16621, 8.97256],
			"from": [5.09852, 7.04749, 7.43694],
			"rotation": {"angle": -22.5, "axis": "y", "origin": [5.71277, 11.65434, 8]}
		},
		{
			"faces": {
				"north": {"uv": [11.5, 5.5, 12.25, 8], "texture": "#14"},
				"east": {"uv": [11.5, 5.5, 12.25, 8], "texture": "#14"},
				"south": {"uv": [12.25, 5.5, 11.5, 8], "texture": "#14"},
				"west": {"uv": [11.5, 5.5, 12.25, 8], "texture": "#14"},
				"up": {"uv": [11.5, 5.5, 12.25, 8], "texture": "#14"},
				"down": {"uv": [11.5, 5.5, 12.25, 8], "texture": "#14"}
			},
			"to": [5.71277, 12.16621, 8.25594],
			"from": [4.17715, 7.04749, 8.25594],
			"rotation": {"angle": -22.5, "axis": "y", "origin": [5.71277, 11.65434, 8]}
		},
		{
			"faces": {
				"north": {"uv": [0, 3.75, 0.5, 4], "texture": "#14"},
				"east": {"uv": [0, 3.75, 0.25, 4.75], "rotation": 90, "texture": "#14"},
				"south": {"uv": [0.5, 3.75, 0, 4], "texture": "#14"},
				"west": {"uv": [0.25, 4.75, 0.5, 3.75], "rotation": 90, "texture": "#14"},
				"up": {"uv": [0.5, 3.75, 0, 4.75], "texture": "#14"},
				"down": {"uv": [0.5, 3.75, 0, 4.75], "texture": "#14"}
			},
			"to": [5.71277, 12.67808, 9.02374],
			"from": [4.68902, 12.16621, 6.97626],
			"rotation": {"angle": 0, "axis": "y", "origin": [5.71277, 11.14246, 8]}
		},
		{
			"faces": {
				"north": {"uv": [0.5, 4.5, 0, 4.75], "texture": "#14"},
				"east": {"uv": [0.25, 3.75, 0.5, 4.75], "rotation": 90, "texture": "#14"},
				"south": {"uv": [0, 3.75, 0.5, 4], "texture": "#14"},
				"west": {"uv": [0, 3.75, 0.25, 4.75], "rotation": 90, "texture": "#14"},
				"up": {"uv": [0, 3.75, 0.5, 4.75], "texture": "#14"},
				"down": {"uv": [0, 4.75, 0.5, 3.75], "texture": "#14"}
			},
			"to": [11.34336, 12.67808, 9.02374],
			"from": [10.31962, 12.16621, 6.97626],
			"rotation": {"angle": 0, "axis": "y", "origin": [5.71277, 11.14246, 8]}
		},
		{
			"faces": {
				"north": {"uv": [11, 5.5, 11.25, 6], "texture": "#14"},
				"east": {"uv": [11, 5.5, 11.5, 6], "texture": "#14"},
				"south": {"uv": [11.25, 5.5, 11.5, 6], "texture": "#14"},
				"west": {"uv": [11, 5.5, 11.5, 6], "texture": "#14"},
				"up": {"uv": [11, 5.5, 11.5, 5.75], "rotation": 90, "texture": "#14"},
				"down": {"uv": [11.5, 5.75, 11, 6], "rotation": 90, "texture": "#14"}
			},
			"to": [5.71277, 11.65434, 8.51187],
			"from": [5.2009, 10.63059, 7.48813],
			"rotation": {"angle": 0, "axis": "y", "origin": [10.31962, 11.14246, 8]}
		},
		{
			"faces": {
				"north": {"uv": [6, 0.25, 7, 0.5], "texture": "#14"},
				"east": {"uv": [7, 0.5, 6.75, 0], "rotation": 90, "texture": "#14"},
				"south": {"uv": [6, 0, 7, 0.25], "texture": "#14"},
				"west": {"uv": [6, 0, 6.25, 0.5], "rotation": 90, "texture": "#14"},
				"up": {"uv": [6, 0, 7, 0.5], "texture": "#14"},
				"down": {"uv": [6, 0, 7, 0.5], "texture": "#14"}
			},
			"to": [9.03994, 12.67808, 8.51187],
			"from": [6.99245, 12.16621, 7.48813],
			"rotation": {"angle": 0, "axis": "y", "origin": [8.01619, 5, 8]}
		},
		{
			"faces": {
				"north": {"uv": [9.75, 5.25, 12, 7.75], "texture": "#16"},
				"east": {"uv": [8.25, 5.25, 9.75, 7.75], "texture": "#16"},
				"south": {"uv": [13.75, 5.25, 16, 7.75], "texture": "#16"},
				"west": {"uv": [12.25, 5.25, 13.75, 7.75], "texture": "#16"},
				"up": {"uv": [9.75, 3.5, 12, 5], "texture": "#16"},
				"down": {"uv": [12, 3.5, 14.25, 5], "texture": "#16"}
			},
			"to": [10.31962, 10.11872, 9.53562],
			"from": [5.71277, 5, 6.46438],
			"rotation": {"angle": 0, "axis": "y", "origin": [8.01619, 5, 8]}
		},
		{
			"faces": {
				"north": {"uv": [7, 5.75, 8.25, 7.75], "texture": "#16"},
				"east": {"uv": [7, 5.75, 7.25, 7.75], "texture": "#16"},
				"west": {"uv": [8, 5.75, 8.25, 7.75], "texture": "#16"},
				"up": {"uv": [7, 5.75, 8.25, 6], "texture": "#16"},
				"down": {"uv": [7, 7.5, 8.25, 7.75], "texture": "#16"}
			},
			"to": [9.29587, 10.63059, 6.46438],
			"from": [6.73651, 6.53562, 5.95251],
			"rotation": {"angle": 0, "axis": "y", "origin": [8.01619, 5, 8]}
		},
		{
			"faces": {
				"north": {"uv": [7, 5, 7.5, 5.75], "texture": "#16"},
				"east": {"uv": [7, 5, 7.25, 5.75], "texture": "#16"},
				"south": {"uv": [7, 5, 7.5, 5.75], "texture": "#16"},
				"west": {"uv": [7.25, 5, 7.5, 5.75], "texture": "#16"},
				"up": {"uv": [7.5, 5, 7, 5.25], "texture": "#16"},
				"down": {"uv": [7.5, 5.5, 7, 5.75], "texture": "#16"}
			},
			"to": [9.29587, 12.16621, 6.46438],
			"from": [8.27213, 10.63059, 5.95251],
			"rotation": {"angle": 0, "axis": "y", "origin": [8.01619, 5, 8]}
		},
		{
			"faces": {
				"north": {"uv": [7.5, 5.25, 7.75, 5.5], "texture": "#16"},
				"east": {"uv": [7.5, 5.25, 7.75, 5.5], "texture": "#16"},
				"south": {"uv": [7.5, 5.25, 7.75, 5.5], "texture": "#16"},
				"west": {"uv": [7.5, 5.25, 7.75, 5.5], "texture": "#16"},
				"up": {"uv": [7.5, 5.25, 7.75, 5.5], "texture": "#16"},
				"down": {"uv": [7.5, 5.25, 7.75, 5.5], "texture": "#16"}
			},
			"to": [8.27213, 11.65434, 6.46438],
			"from": [7.76026, 11.14246, 5.95251],
			"rotation": {"angle": 0, "axis": "y", "origin": [8.01619, 5, 8]}
		},
		{
			"faces": {
				"north": {"uv": [7.75, 5, 8.25, 5.75], "texture": "#16"},
				"east": {"uv": [7.75, 5, 8, 5.75], "texture": "#16"},
				"south": {"uv": [7.75, 5, 8.25, 5.75], "texture": "#16"},
				"west": {"uv": [8, 5, 8.25, 5.75], "texture": "#16"},
				"up": {"uv": [8.25, 5, 7.75, 5.25], "texture": "#16"},
				"down": {"uv": [8.25, 5.5, 7.75, 5.75], "texture": "#16"}
			},
			"to": [7.76026, 12.16621, 6.46438],
			"from": [6.73651, 10.63059, 5.95251],
			"rotation": {"angle": 0, "axis": "y", "origin": [8.01619, 5, 8]}
		},
		{
			"faces": {
				"north": {"uv": [10, 9.25, 11.75, 10.25], "texture": "#16"},
				"east": {"uv": [11.75, 9.25, 13.25, 10.25], "texture": "#16"},
				"south": {"uv": [13.25, 9.25, 15, 10.25], "texture": "#16"},
				"west": {"uv": [8.5, 9.25, 10, 10.25], "texture": "#16"},
				"up": {"uv": [10, 7.75, 11.75, 9.25], "texture": "#16"}
			},
			"to": [9.80774, 12.16621, 9.53562],
			"from": [6.22464, 10.11872, 6.46438],
			"rotation": {"angle": 0, "axis": "y", "origin": [8.01619, 5, 8]}
		}
	],
	"display": {
		"head": {
			"translation": [0, 5.6, 0],
			"scale": [4, 4, 4],
			"rotation": [0, 0, 0]
		}
	}
}