{
	"__credit": "Generated using Animated Java (https://animated-java.dev/)",
	"textures": {
		"1": "minecraft:fnaf/bonnie/eye_default"
	},
	"elements": [
		{
			"faces": {
				"north": {"uv": [0, 8.75, 7.85, 16], "texture": "#1"},
				"east": {"uv": [0, 8.75, 7.85, 16], "texture": "#1"},
				"south": {"uv": [0, 8.75, 7.85, 16], "texture": "#1"},
				"west": {"uv": [0, 8.75, 7.85, 16], "texture": "#1"},
				"up": {"uv": [0, 8.75, 7.85, 16], "texture": "#1"},
				"down": {"uv": [0, 8.75, 7.85, 16], "texture": "#1"}
			},
			"to": [7.61981, 5.12087, 7.94047],
			"from": [6.84177, 4.911, 7.12148],
			"rotation": {"angle": 0, "axis": "y", "origin": [7.76826, 2.19808, 7.92]}
		},
		{
			"faces": {
				"north": {"uv": [0, 8.75, 7.85, 16], "texture": "#1"},
				"east": {"uv": [0, 8.75, 7.85, 16], "texture": "#1"},
				"south": {"uv": [0, 8.75, 7.85, 16], "texture": "#1"},
				"west": {"uv": [0, 8.75, 7.85, 16], "texture": "#1"},
				"up": {"uv": [0, 8.75, 7.85, 16], "texture": "#1"},
				"down": {"uv": [0, 8.75, 7.85, 16], "texture": "#1"}
			},
			"to": [9.15543, 5.12087, 7.94047],
			"from": [8.37738, 4.911, 7.12148],
			"rotation": {"angle": 0, "axis": "y", "origin": [9.30387, 2.19808, 7.92]}
		}
	],
	"display": {
		"head": {
			"translation": [0, 5.6, 0],
			"scale": [4, 4, 4],
			"rotation": [0, 0, 0]
		}
	}
}