{
	"__credit": "Generated using Animated Java (https://animated-java.dev/)",
	"textures": {
		"1": "minecraft:fnaf/bonnie/eye_default",
		"14": "minecraft:fnaf/bonnie/old",
		"15": "minecraft:fnaf/bonnie/eye_plus"
	},
	"elements": [
		{
			"faces": {
				"north": {"uv": [8, 0, 16, 8], "texture": "#1"},
				"east": {"uv": [8, 0, 16, 8], "texture": "#1"},
				"south": {"uv": [8, 0, 16, 8], "texture": "#1"},
				"west": {"uv": [8, 0, 16, 8], "texture": "#1"},
				"up": {"uv": [8, 0, 16, 8], "texture": "#1"},
				"down": {"uv": [8, 0, 16, 8], "texture": "#1"}
			},
			"to": [7.60669, 5.35575, 8.4],
			"from": [6.83889, 4.58794, 7.63219],
			"rotation": {"angle": 0, "axis": "y", "origin": [7.76026, 2.43808, 8.4]}
		},
		{
			"faces": {
				"north": {"uv": [0, 0, 0.75, 0.75], "texture": "#14"},
				"east": {"uv": [0, 0, 0.25, 0.25], "texture": "#14"},
				"south": {"uv": [0, 0, 0.25, 0.25], "texture": "#14"},
				"west": {"uv": [0, 0, 0.25, 0.25], "texture": "#14"},
				"up": {"uv": [0, 0, 0.25, 0.25], "texture": "#14"},
				"down": {"uv": [0, 0, 0.25, 0.25], "texture": "#14"}
			},
			"to": [7.50432, 5.35575, 9.67968],
			"from": [6.73651, 4.58794, 8.91187],
			"rotation": {"angle": 0, "axis": "y", "origin": [8.01619, 2.94995, 8.91187]}
		},
		{
			"faces": {
				"north": {"uv": [8, 0, 16, 8], "texture": "#1"},
				"east": {"uv": [8, 0, 16, 8], "texture": "#1"},
				"south": {"uv": [8, 0, 16, 8], "texture": "#1"},
				"west": {"uv": [8, 0, 16, 8], "texture": "#1"},
				"up": {"uv": [8, 0, 16, 8], "texture": "#1"},
				"down": {"uv": [8, 0, 16, 8], "texture": "#1"}
			},
			"to": [9.14231, 5.35575, 8.4],
			"from": [8.3745, 4.58794, 7.63219],
			"rotation": {"angle": 0, "axis": "y", "origin": [9.29587, 2.43808, 8.4]}
		},
		{
			"faces": {
				"north": {"uv": [0, 0, 0.75, 0.75], "texture": "#14"},
				"east": {"uv": [0, 0, 0.25, 0.25], "texture": "#14"},
				"south": {"uv": [0, 0, 0.25, 0.25], "texture": "#14"},
				"west": {"uv": [0, 0, 0.25, 0.25], "texture": "#14"},
				"up": {"uv": [0, 0, 0.25, 0.25], "texture": "#14"},
				"down": {"uv": [0, 0, 0.25, 0.25], "texture": "#14"}
			},
			"to": [9.29587, 5.35575, 9.67968],
			"from": [8.52806, 4.58794, 8.91187],
			"rotation": {"angle": 0, "axis": "y", "origin": [8.01619, 2.94995, 8.91187]}
		},
		{
			"faces": {
				"north": {"uv": [8, 0, 16, 8], "texture": "#15"},
				"east": {"uv": [8, 0, 16, 8], "texture": "#15"},
				"south": {"uv": [8, 0, 16, 8], "texture": "#15"},
				"west": {"uv": [8, 0, 16, 8], "texture": "#15"},
				"up": {"uv": [8, 0, 16, 8], "texture": "#15"},
				"down": {"uv": [8, 0, 16, 8], "texture": "#15"}
			},
			"to": [9.03994, 5.25338, 8.19525],
			"from": [8.47688, 4.69032, 7.63219],
			"rotation": {"angle": 0, "axis": "y", "origin": [9.29587, 2.43808, 8.4]}
		},
		{
			"faces": {
				"north": {"uv": [8, 0, 16, 8], "texture": "#15"},
				"east": {"uv": [8, 0, 16, 8], "texture": "#15"},
				"south": {"uv": [8, 0, 16, 8], "texture": "#15"},
				"west": {"uv": [8, 0, 16, 8], "texture": "#15"},
				"up": {"uv": [8, 0, 16, 8], "texture": "#15"},
				"down": {"uv": [8, 0, 16, 8], "texture": "#15"}
			},
			"to": [7.55551, 5.25338, 8.19525],
			"from": [6.99245, 4.69032, 7.63219],
			"rotation": {"angle": 0, "axis": "y", "origin": [7.76026, 2.43808, 8.4]}
		}
	],
	"display": {
		"head": {
			"translation": [0, 5.6, 0],
			"scale": [4, 4, 4],
			"rotation": [0, 0, 0]
		}
	}
}