{
	"__credit": "Generated using Animated Java (https://animated-java.dev/)",
	"textures": {
		"17": "minecraft:fnaf/guitar"
	},
	"elements": [
		{
			"faces": {
				"north": {"uv": [7.5, 5, 6, 5.5], "texture": "#17"},
				"east": {"uv": [7, 5, 7.5, 16], "rotation": 90, "texture": "#17"},
				"south": {"uv": [6, 15.5, 7.5, 16], "texture": "#17"},
				"west": {"uv": [6, 5, 6.5, 16], "rotation": 270, "texture": "#17"},
				"up": {"uv": [6, 5, 7.5, 16], "texture": "#17"},
				"down": {"uv": [6, 16, 7.5, 5], "texture": "#17"}
			},
			"to": [8.5656, 5.22656, 13.12609],
			"from": [7.3371, 4.81706, 4.11715],
			"rotation": {"angle": 0, "axis": "y", "origin": [8.63793, 4.84522, 8.82637]}
		},
		{
			"faces": {
				"north": {"uv": [6, 6.5, 5.5, 7], "texture": "#17"},
				"east": {"uv": [5.5, 6.5, 6, 8], "rotation": 90, "texture": "#17"},
				"south": {"uv": [5.5, 7.5, 6, 8], "texture": "#17"},
				"west": {"uv": [5.5, 6.5, 6, 8], "rotation": 270, "texture": "#17"},
				"up": {"uv": [5.5, 6.5, 6, 8], "texture": "#17"},
				"down": {"uv": [5.5, 8, 6, 6.5], "texture": "#17"}
			},
			"to": [7.3371, 5.22656, 6.57413],
			"from": [6.92761, 4.81706, 5.34564],
			"rotation": {"angle": 0, "axis": "y", "origin": [8.63793, 4.84522, 8.82637]}
		},
		{
			"faces": {
				"north": {"uv": [8, 6.5, 7.5, 7], "texture": "#17"},
				"east": {"uv": [7.5, 6.5, 8, 8], "rotation": 90, "texture": "#17"},
				"south": {"uv": [7.5, 7.5, 8, 8], "texture": "#17"},
				"west": {"uv": [7.5, 6.5, 8, 8], "rotation": 270, "texture": "#17"},
				"up": {"uv": [7.5, 6.5, 8, 8], "texture": "#17"},
				"down": {"uv": [7.5, 8, 8, 6.5], "texture": "#17"}
			},
			"to": [8.97509, 5.22656, 6.57413],
			"from": [8.5656, 4.81706, 5.34564],
			"rotation": {"angle": 0, "axis": "y", "origin": [8.63793, 4.84522, 8.82637]}
		},
		{
			"faces": {
				"north": {"uv": [3.5, 8, 1.5, 8.5], "texture": "#17"},
				"east": {"uv": [3, 8, 3.5, 12], "rotation": 90, "texture": "#17"},
				"south": {"uv": [1.5, 11.5, 3.5, 12], "texture": "#17"},
				"west": {"uv": [1.5, 8, 2, 12], "rotation": 270, "texture": "#17"},
				"up": {"uv": [1.5, 8, 3.5, 12], "texture": "#17"},
				"down": {"uv": [1.5, 12, 3.5, 8], "texture": "#17"}
			},
			"to": [8.77034, 5.22656, 16.40207],
			"from": [7.13235, 4.81706, 13.12609],
			"rotation": {"angle": 0, "axis": "y", "origin": [8.63793, 4.84522, 8.82637]}
		},
		{
			"faces": {
				"north": {"uv": [1.5, 10, 1, 10.5], "texture": "#17"},
				"east": {"uv": [1, 10, 1.5, 15.5], "rotation": 90, "texture": "#17"},
				"south": {"uv": [1, 15, 1.5, 15.5], "texture": "#17"},
				"west": {"uv": [1, 10, 1.5, 15.5], "rotation": 270, "texture": "#17"},
				"up": {"uv": [1, 10, 1.5, 15.5], "texture": "#17"},
				"down": {"uv": [1, 15.5, 1.5, 10], "texture": "#17"}
			},
			"to": [7.13235, 5.22656, 19.26856],
			"from": [6.72286, 4.81706, 14.76408],
			"rotation": {"angle": 0, "axis": "y", "origin": [8.63793, 4.84522, 8.82637]}
		},
		{
			"faces": {
				"north": {"uv": [4, 10, 3.5, 10.5], "texture": "#17"},
				"east": {"uv": [3.5, 10, 4, 15.5], "rotation": 90, "texture": "#17"},
				"south": {"uv": [3.5, 15, 4, 15.5], "texture": "#17"},
				"west": {"uv": [3.5, 10, 4, 15.5], "rotation": 270, "texture": "#17"},
				"up": {"uv": [3.5, 10, 4, 15.5], "texture": "#17"},
				"down": {"uv": [3.5, 15.5, 4, 10], "texture": "#17"}
			},
			"to": [9.17984, 5.22656, 19.26856],
			"from": [8.77034, 4.81706, 14.76408],
			"rotation": {"angle": 0, "axis": "y", "origin": [8.63793, 4.84522, 8.82637]}
		},
		{
			"faces": {
				"north": {"uv": [1, 12, 0.5, 12.5], "texture": "#17"},
				"east": {"uv": [0.5, 12, 1, 16], "rotation": 90, "texture": "#17"},
				"south": {"uv": [0.5, 15.5, 1, 16], "texture": "#17"},
				"west": {"uv": [0.5, 12, 1, 16], "rotation": 270, "texture": "#17"},
				"up": {"uv": [0.5, 12, 1, 16], "texture": "#17"},
				"down": {"uv": [0.5, 16, 1, 12], "texture": "#17"}
			},
			"to": [6.72286, 5.22656, 19.6371],
			"from": [6.31336, 4.81706, 16.36112],
			"rotation": {"angle": 0, "axis": "y", "origin": [8.63793, 4.84522, 8.82637]}
		},
		{
			"faces": {
				"north": {"uv": [2, 12, 1.5, 12.5], "texture": "#17"},
				"east": {"uv": [1.5, 12, 2, 14], "rotation": 90, "texture": "#17"},
				"south": {"uv": [1.5, 13.5, 2, 14], "texture": "#17"},
				"west": {"uv": [1.5, 12, 2, 14], "rotation": 270, "texture": "#17"},
				"up": {"uv": [1.5, 12, 2, 14], "texture": "#17"},
				"down": {"uv": [1.5, 14, 2, 12], "texture": "#17"}
			},
			"to": [7.54185, 5.22656, 18.04006],
			"from": [7.13235, 4.81706, 16.40207],
			"rotation": {"angle": 0, "axis": "y", "origin": [8.63793, 4.84522, 8.82637]}
		},
		{
			"faces": {
				"north": {"uv": [3.5, 12, 3, 12.5], "texture": "#17"},
				"east": {"uv": [3, 12, 3.5, 14], "rotation": 90, "texture": "#17"},
				"south": {"uv": [3, 13.5, 3.5, 14], "texture": "#17"},
				"west": {"uv": [3, 12, 3.5, 14], "rotation": 270, "texture": "#17"},
				"up": {"uv": [3, 12, 3.5, 14], "texture": "#17"},
				"down": {"uv": [3, 14, 3.5, 12], "texture": "#17"}
			},
			"to": [8.77034, 5.22656, 18.04006],
			"from": [8.36085, 4.81706, 16.40207],
			"rotation": {"angle": 0, "axis": "y", "origin": [8.63793, 4.84522, 8.82637]}
		},
		{
			"faces": {
				"north": {"uv": [4.5, 12, 4, 12.5], "texture": "#17"},
				"east": {"uv": [4, 12, 4.5, 16], "rotation": 90, "texture": "#17"},
				"south": {"uv": [4, 15.5, 4.5, 16], "texture": "#17"},
				"west": {"uv": [4, 12, 4.5, 16], "rotation": 270, "texture": "#17"},
				"up": {"uv": [4, 12, 4.5, 16], "texture": "#17"},
				"down": {"uv": [4, 16, 4.5, 12], "texture": "#17"}
			},
			"to": [9.58934, 5.22656, 19.67805],
			"from": [9.17984, 4.81706, 16.40207],
			"rotation": {"angle": 0, "axis": "y", "origin": [8.63793, 4.84522, 8.82637]}
		},
		{
			"faces": {
				"north": {"uv": [0.5, 14, 0, 14.5], "texture": "#17"},
				"east": {"uv": [0, 14, 0.5, 16], "rotation": 90, "texture": "#17"},
				"south": {"uv": [0, 15.5, 0.5, 16], "texture": "#17"},
				"west": {"uv": [0, 14, 0.5, 16], "rotation": 270, "texture": "#17"},
				"up": {"uv": [0, 14, 0.5, 16], "texture": "#17"},
				"down": {"uv": [0, 16, 0.5, 14], "texture": "#17"}
			},
			"to": [6.31336, 5.22656, 19.6371],
			"from": [5.90386, 4.81706, 17.99911],
			"rotation": {"angle": 0, "axis": "y", "origin": [8.63793, 4.84522, 8.82637]}
		},
		{
			"faces": {
				"north": {"uv": [5, 14, 4.5, 14.5], "texture": "#17"},
				"east": {"uv": [4.5, 14, 5, 16], "rotation": 90, "texture": "#17"},
				"south": {"uv": [4.5, 15.5, 5, 16], "texture": "#17"},
				"west": {"uv": [4.5, 14, 5, 16], "rotation": 270, "texture": "#17"},
				"up": {"uv": [4.5, 14, 5, 16], "texture": "#17"},
				"down": {"uv": [4.5, 16, 5, 14], "texture": "#17"}
			},
			"to": [9.99884, 5.22656, 19.67805],
			"from": [9.58934, 4.81706, 18.04006],
			"rotation": {"angle": 0, "axis": "y", "origin": [8.63793, 4.84522, 8.82637]}
		}
	],
	"display": {
		"head": {
			"translation": [0, 5.6, 0],
			"scale": [4, 4, 4],
			"rotation": [0, 0, 0]
		}
	}
}