{
	"__credit": "Generated using Animated Java (https://animated-java.dev/)",
	"textures": {
		"0": "minecraft:fnaf/bonnie/default",
		"13": "minecraft:fnaf/bonnie/agent_glasses",
		"14": "minecraft:fnaf/bonnie/old",
		"16": "minecraft:fnaf/bonnie/plus"
	},
	"elements": [
		{
			"faces": {
				"north": {"uv": [4.75, 2.75, 5.25, 3.5], "texture": "#0"},
				"east": {"uv": [4.75, 2.75, 6, 3.5], "texture": "#0"},
				"south": {"uv": [2.75, 2.75, 3, 3.25], "texture": "#0"},
				"west": {"uv": [4, 1.25, 4.25, 1.5], "texture": "#0"},
				"up": {"uv": [3, 2.5, 4.25, 2.75], "rotation": 90, "texture": "#0"},
				"down": {"uv": [3, 3.25, 4.25, 3.5], "rotation": 90, "texture": "#0"}
			},
			"to": [10.31962, 7.55744, 9.01562],
			"from": [9.29587, 6.02182, 6.45626],
			"rotation": {"angle": 0, "axis": "y", "origin": [7.76026, 4.99808, 7.48]}
		},
		{
			"faces": {
				"north": {"uv": [4.75, 2.75, 5.25, 3.5], "texture": "#0"},
				"east": {"uv": [4, 1.25, 4.25, 1.5], "texture": "#0"},
				"south": {"uv": [2.75, 2.75, 3, 3.25], "texture": "#0"},
				"west": {"uv": [3, 2.75, 4.25, 3.5], "texture": "#0"},
				"up": {"uv": [3, 2.5, 4.25, 2.75], "rotation": 90, "texture": "#0"},
				"down": {"uv": [3, 3.25, 4.25, 3.5], "rotation": 90, "texture": "#0"}
			},
			"to": [6.73651, 7.55744, 9.01562],
			"from": [5.71277, 6.02182, 6.45626],
			"rotation": {"angle": 0, "axis": "y", "origin": [7.76026, 4.99808, 7.48]}
		},
		{
			"faces": {
				"north": {"uv": [5, 3, 7.25, 3.5], "texture": "#0"},
				"east": {"uv": [4.75, 2.75, 5, 3.5], "texture": "#0"},
				"south": {"uv": [5, 2.75, 7.25, 3.5], "texture": "#0"},
				"west": {"uv": [4.75, 2.75, 5, 3.5], "texture": "#0"},
				"up": {"uv": [5, 2.5, 7.25, 3], "texture": "#0"},
				"down": {"uv": [4.5, 3.75, 6.75, 4], "texture": "#0"}
			},
			"to": [10.31962, 7.04557, 9.52749],
			"from": [5.71277, 5.50995, 9.01562],
			"rotation": {"angle": 0, "axis": "y", "origin": [7.76026, 4.99808, 7.48]}
		},
		{
			"faces": {
				"north": {"uv": [9.75, 1.75, 11, 2.25], "texture": "#0"},
				"east": {"uv": [9, 1.75, 9.5, 2.25], "texture": "#0"},
				"west": {"uv": [9, 1.25, 9.5, 1.75], "texture": "#0"},
				"up": {"uv": [9.75, 1.25, 11, 1.75], "texture": "#0"},
				"down": {"uv": [9.25, 2.25, 10.5, 2.75], "texture": "#0"}
			},
			"to": [9.29587, 7.04557, 6.45626],
			"from": [6.73651, 6.02182, 5.43251],
			"rotation": {"angle": 0, "axis": "y", "origin": [7.76026, 4.99808, 7.48]}
		},
		{
			"faces": {
				"north": {"uv": [5, 2.25, 5.25, 2.5], "texture": "#0"},
				"east": {"uv": [5, 2.25, 5.25, 2.5], "texture": "#0"},
				"south": {"uv": [5, 2.25, 5.25, 2.5], "texture": "#0"},
				"west": {"uv": [5, 2.25, 5.25, 2.5], "texture": "#0"},
				"up": {"uv": [5, 2.25, 5.25, 2.5], "texture": "#0"},
				"down": {"uv": [5, 2.25, 5.25, 2.5], "texture": "#0"}
			},
			"to": [8.27213, 7.3015, 6.45626],
			"from": [7.76026, 6.78963, 5.94438],
			"rotation": {"angle": 0, "axis": "y", "origin": [7.76026, 4.99808, 7.48]}
		},
		{
			"faces": {
				"north": {"uv": [11.25, 2.5, 11.75, 2.75], "texture": "#0"},
				"east": {"uv": [11, 2.5, 11.25, 2.75], "texture": "#0"},
				"south": {"uv": [11.25, 2, 11.75, 2.25], "texture": "#0"},
				"west": {"uv": [11.75, 2.5, 12, 2.75], "texture": "#0"},
				"up": {"uv": [11.25, 2.25, 11.75, 2.5], "texture": "#0"},
				"down": {"uv": [11.75, 2, 12.25, 2.5], "texture": "#0"}
			},
			"to": [8.52806, 7.3015, 5.94438],
			"from": [7.50432, 6.78963, 5.4837],
			"rotation": {"angle": 0, "axis": "y", "origin": [7.76026, 4.99808, 7.48]}
		},
		{
			"faces": {
				"north": {"uv": [6.5, 0.5, 8.25, 1.5], "texture": "#0"},
				"east": {"uv": [8.5, 0.75, 8.75, 1.5], "texture": "#0"},
				"south": {"uv": [6.5, 0.75, 8.25, 1.5], "texture": "#0"},
				"west": {"uv": [6.25, 0.75, 6.5, 1.5], "texture": "#0"},
				"up": {"uv": [6.5, 0.25, 8.25, 0.5], "texture": "#0"},
				"down": {"uv": [0, 0, 7, 2], "texture": "#0"}
			},
			"to": [9.80774, 8.58118, 9.52749],
			"from": [6.22464, 7.04557, 9.01562],
			"rotation": {"angle": 0, "axis": "y", "origin": [7.76026, 4.99808, 7.48]}
		},
		{
			"faces": {
				"north": {"uv": [4.25, 1.5, 4.5, 2.25], "texture": "#0"},
				"east": {"uv": [3, 1.5, 4.25, 2.25], "texture": "#0"},
				"south": {"uv": [8.75, 1.5, 9, 2.5], "texture": "#0"},
				"west": {"uv": [4, 1.25, 4.25, 1.5], "texture": "#0"},
				"up": {"uv": [4.25, 0.25, 4.5, 1.5], "texture": "#0"},
				"down": {"uv": [3, 2.25, 4.25, 2.5], "rotation": 90, "texture": "#0"}
			},
			"to": [9.80774, 9.09306, 9.01562],
			"from": [9.29587, 7.55744, 6.45626],
			"rotation": {"angle": 0, "axis": "y", "origin": [7.76026, 4.99808, 7.48]}
		},
		{
			"faces": {
				"north": {"uv": [5, 1.75, 5.25, 2.25], "texture": "#0"},
				"east": {"uv": [4, 1.25, 4.25, 1.5], "texture": "#0"},
				"south": {"uv": [5, 1.75, 5.25, 2.25], "texture": "#0"},
				"west": {"uv": [4, 1.25, 4.25, 1.5], "texture": "#0"},
				"down": {"uv": [5, 2, 5.25, 2.25], "texture": "#0"}
			},
			"to": [8.27213, 8.06931, 6.96813],
			"from": [7.76026, 7.04557, 6.45626],
			"rotation": {"angle": 0, "axis": "y", "origin": [7.76026, 4.99808, 7.48]}
		},
		{
			"faces": {
				"north": {"uv": [4.5, 1.5, 5.75, 2], "texture": "#0"},
				"south": {"uv": [7.5, 1.5, 8.75, 2], "texture": "#0"},
				"up": {"uv": [4.5, 0.25, 5.75, 1.5], "rotation": 180, "texture": "#0"},
				"down": {"uv": [4, 1.25, 4.25, 1.5], "texture": "#0"}
			},
			"to": [9.29587, 9.09306, 9.01562],
			"from": [6.73651, 8.06931, 6.45626],
			"rotation": {"angle": 0, "axis": "y", "origin": [7.76026, 4.99808, 7.48]}
		},
		{
			"faces": {
				"north": {"uv": [4.5, 1.75, 5.75, 2], "texture": "#0"},
				"south": {"uv": [7.5, 1.5, 8.75, 2], "texture": "#0"},
				"up": {"uv": [4, 1.25, 4.25, 1.5], "rotation": 180, "texture": "#0"},
				"down": {"uv": [4.5, 1.75, 5.75, 2], "texture": "#0"}
			},
			"to": [9.29587, 7.04557, 6.96813],
			"from": [6.73651, 6.5337, 6.45626],
			"rotation": {"angle": 0, "axis": "y", "origin": [7.76026, 4.99808, 7.48]}
		},
		{
			"faces": {
				"north": {"uv": [5.75, 1.5, 6, 2.25], "texture": "#0"},
				"east": {"uv": [3.75, 1.25, 4, 1.5], "texture": "#0"},
				"south": {"uv": [7.25, 1.5, 7.5, 2.25], "texture": "#0"},
				"west": {"uv": [6, 1.5, 7.25, 2.25], "texture": "#0"},
				"up": {"uv": [5.75, 0.25, 6, 1.5], "texture": "#0"},
				"down": {"uv": [6, 1.5, 6.25, 2.5], "texture": "#0"}
			},
			"to": [6.73651, 9.09306, 9.01562],
			"from": [6.22464, 7.55744, 6.45626],
			"rotation": {"angle": 0, "axis": "y", "origin": [7.76026, 4.99808, 7.48]}
		},
		{
			"faces": {
				"north": {"uv": [7.25, 2.5, 8.25, 3.5], "texture": "#0"},
				"east": {"uv": [7.25, 2.5, 7.5, 3.5], "texture": "#0"},
				"south": {"uv": [7.25, 2.5, 8.25, 3.5], "texture": "#0"},
				"west": {"uv": [7.25, 2.5, 7.5, 3.5], "texture": "#0"},
				"up": {"uv": [7.25, 2.5, 8.25, 2.75], "texture": "#0"},
				"down": {"uv": [7.25, 3.25, 8.25, 3.5], "texture": "#0"}
			},
			"to": [9.03994, 8.07443, 7.99187],
			"from": [6.99245, 6.02694, 7.48],
			"rotation": {"angle": 0, "axis": "y", "origin": [7.76026, 4.99808, 7.48]}
		},
		{
			"faces": {
				"north": {"uv": [7.5, 3.5, 7, 3.75], "texture": "#0"},
				"east": {"uv": [7.5, 3.5, 7, 3.75], "texture": "#0"},
				"south": {"uv": [7, 3.5, 7.5, 3.75], "texture": "#0"},
				"west": {"uv": [7.5, 3.5, 7, 3.75], "texture": "#0"},
				"up": {"uv": [7.25, 3, 7.75, 3.5], "texture": "#0"},
				"down": {"uv": [7.25, 3, 7.75, 3.5], "texture": "#0"}
			},
			"to": [8.52806, 6.5337, 7.99187],
			"from": [7.50432, 6.02182, 6.96813],
			"rotation": {"angle": 0, "axis": "y", "origin": [7.76026, 4.99808, 7.48]}
		},
		{
			"faces": {
				"north": {"uv": [8, 0, 16, 2], "texture": "#13"},
				"east": {"uv": [8, 4, 14, 6], "texture": "#13"},
				"south": {"uv": [8, 2, 16, 4], "texture": "#13"},
				"west": {"uv": [8, 6, 14, 8], "texture": "#13"},
				"up": {"uv": [8, 6, 0, 0], "texture": "#13"},
				"down": {"uv": [8, 6, 0, 12], "texture": "#13"}
			},
			"to": [10.06368, 8.06931, 9.32274],
			"from": [5.9687, 7.04557, 6.25151],
			"rotation": {"angle": 0, "axis": "y", "origin": [8.01619, -9.84621, 6.96813]}
		},
		{
			"faces": {
				"north": {"uv": [6, 1.25, 8, 2.75], "texture": "#14"},
				"east": {"uv": [0, 1.25, 0.25, 2.75], "texture": "#14"},
				"south": {"uv": [4, 1.25, 6, 2.75], "texture": "#14"},
				"west": {"uv": [3.75, 1.25, 4, 2.75], "texture": "#14"},
				"down": {"uv": [4, 2.5, 6, 2.75], "texture": "#14"}
			},
			"to": [10.06368, 8.58118, 9.52749],
			"from": [5.9687, 5.50995, 9.01562],
			"rotation": {"angle": 0, "axis": "y", "origin": [8.01619, 5.50995, 7.99187]}
		},
		{
			"faces": {
				"north": {"uv": [1, 1, 3, 1.25], "texture": "#14"},
				"east": {"uv": [0, 1, 1, 1.25], "texture": "#14"},
				"south": {"uv": [4, 1, 6, 1.25], "texture": "#14"},
				"west": {"uv": [3, 1, 4, 1.25], "texture": "#14"},
				"up": {"uv": [1, 0, 3, 1], "texture": "#14"},
				"down": {"uv": [3, 0, 5, 1], "texture": "#14"}
			},
			"to": [10.06368, 9.09306, 9.52749],
			"from": [5.9687, 8.58118, 7.48],
			"rotation": {"angle": 0, "axis": "y", "origin": [8.01619, 5.50995, 7.99187]}
		},
		{
			"faces": {
				"north": {"uv": [2.75, 1.25, 3, 2.75], "texture": "#14"},
				"east": {"uv": [3.75, 1.25, 3, 2.75], "texture": "#14"},
				"south": {"uv": [3, 1.25, 3.75, 2.75], "texture": "#14"},
				"west": {"uv": [3, 1.25, 3.75, 2.75], "texture": "#14"},
				"up": {"uv": [0, 0, 0, 0], "texture": "#14"},
				"down": {"uv": [3, 2.5, 3.75, 2.75], "texture": "#14"}
			},
			"to": [6.48058, 8.58118, 9.01562],
			"from": [5.9687, 5.50995, 7.48],
			"rotation": {"angle": 0, "axis": "y", "origin": [8.01619, 5.50995, 7.99187]}
		},
		{
			"faces": {
				"north": {"uv": [1, 1.25, 1.25, 2.75], "texture": "#14"},
				"east": {"uv": [0.25, 1.25, 1, 2.75], "texture": "#14"},
				"south": {"uv": [0.25, 1.25, 1, 2.75], "texture": "#14"},
				"west": {"uv": [1, 1.25, 0.25, 2.75], "texture": "#14"},
				"down": {"uv": [0.25, 2.5, 1, 2.75], "texture": "#14"}
			},
			"to": [10.06368, 8.58118, 9.01562],
			"from": [9.55181, 5.50995, 7.48],
			"rotation": {"angle": 0, "axis": "y", "origin": [8.01619, 5.50995, 7.99187]}
		},
		{
			"faces": {
				"north": {"uv": [1.5, 1.25, 2.5, 2.5], "texture": "#14"},
				"east": {"uv": [1.5, 1.25, 1.75, 2.5], "texture": "#14"},
				"south": {"uv": [1.5, 1.25, 2.5, 2.5], "texture": "#14"},
				"west": {"uv": [2.25, 1.25, 2.5, 2.5], "texture": "#14"},
				"up": {"uv": [1.5, 1.25, 2.5, 1.5], "texture": "#14"},
				"down": {"uv": [1.5, 2.25, 2.5, 2.5], "texture": "#14"}
			},
			"to": [9.03994, 8.58118, 9.01562],
			"from": [6.99245, 6.02182, 8.50374],
			"rotation": {"angle": 0, "axis": "y", "origin": [8.01619, 5.50995, 7.99187]}
		},
		{
			"faces": {
				"north": {"uv": [12.25, 5.5, 13.75, 6.75], "texture": "#14"},
				"east": {"uv": [11.5, 5.5, 12.25, 6.75], "texture": "#14"},
				"west": {"uv": [11.5, 5.5, 12.25, 6.75], "texture": "#14"},
				"up": {"uv": [11.5, 5.5, 12.25, 6.75], "texture": "#14"},
				"down": {"uv": [11.5, 5.5, 12.25, 6.75], "texture": "#14"}
			},
			"to": [9.55181, 8.58118, 8.24781],
			"from": [6.48058, 6.02182, 8.24781],
			"rotation": {"angle": 0, "axis": "y", "origin": [8.01619, 5.50995, 7.99187]}
		},
		{
			"faces": {
				"north": {"uv": [3.75, 1, 4.75, 1.5], "texture": "#16"},
				"east": {"uv": [3.25, 1, 3.75, 1.5], "texture": "#16"},
				"west": {"uv": [4.75, 1, 5.25, 1.5], "texture": "#16"},
				"up": {"uv": [3.75, 0.5, 4.75, 1], "texture": "#16"},
				"down": {"uv": [4.75, 0.5, 5.75, 1], "texture": "#16"}
			},
			"to": [9.03994, 7.04557, 6.45626],
			"from": [6.99245, 6.02182, 5.43251],
			"rotation": {"angle": 0, "axis": "y", "origin": [8.01619, 5.50995, 7.99187]}
		},
		{
			"faces": {
				"north": {"uv": [4.25, 0.25, 3.75, 0.5], "texture": "#16"},
				"east": {"uv": [4, 0.25, 4.25, 0.5], "texture": "#16"},
				"south": {"uv": [3.75, 0.25, 4.25, 0.5], "texture": "#16"},
				"west": {"uv": [3.75, 0.25, 4, 0.5], "texture": "#16"},
				"up": {"uv": [3.75, 0.25, 4.25, 0.5], "texture": "#16"},
				"down": {"uv": [3.75, 0.25, 4.25, 0.5], "texture": "#16"}
			},
			"to": [8.52806, 7.3015, 5.94438],
			"from": [7.50432, 7.04557, 5.43251],
			"rotation": {"angle": 0, "axis": "y", "origin": [8.01619, 5.50995, 7.99187]}
		},
		{
			"faces": {
				"north": {"uv": [8.25, 1.5, 10.25, 2], "texture": "#16"},
				"east": {"uv": [6.75, 1.5, 8.25, 2], "texture": "#16"},
				"south": {"uv": [11.75, 1.5, 13.75, 2], "texture": "#16"},
				"west": {"uv": [10.25, 1.5, 11.75, 2], "texture": "#16"},
				"up": {"uv": [8.25, 0, 10.25, 1.5], "texture": "#16"},
				"down": {"uv": [10.25, 0, 12.25, 1.5], "texture": "#16"}
			},
			"to": [10.06368, 7.04557, 9.52749],
			"from": [5.9687, 6.02182, 6.45626],
			"rotation": {"angle": 0, "axis": "y", "origin": [8.01619, 5.50995, 7.99187]}
		},
		{
			"faces": {
				"north": {"uv": [1.5, 1.5, 1.75, 2.5], "texture": "#16"},
				"east": {"uv": [0, 1.5, 1.5, 2.5], "texture": "#16"},
				"south": {"uv": [6.25, 1.5, 6.5, 2.5], "texture": "#16"},
				"west": {"uv": [0, 0, 0.25, 0.25], "texture": "#16"},
				"up": {"uv": [1.5, 0, 1.75, 1.5], "texture": "#16"}
			},
			"to": [9.80774, 9.09306, 9.52749],
			"from": [9.29587, 7.04557, 6.45626],
			"rotation": {"angle": 0, "axis": "y", "origin": [8.01619, 5.50995, 7.99187]}
		},
		{
			"faces": {
				"north": {"uv": [3, 1.5, 3.25, 2.5], "texture": "#16"},
				"east": {"uv": [0, 0, 0.25, 0.25], "texture": "#16"},
				"south": {"uv": [4.75, 1.5, 5, 2.5], "texture": "#16"},
				"west": {"uv": [3.25, 1.5, 4.75, 2.5], "texture": "#16"},
				"up": {"uv": [3, 0, 3.25, 1.5], "texture": "#16"}
			},
			"to": [6.73651, 9.09306, 9.52749],
			"from": [6.22464, 7.04557, 6.45626],
			"rotation": {"angle": 0, "axis": "y", "origin": [8.01619, 5.50995, 7.99187]}
		},
		{
			"faces": {
				"north": {"uv": [0, 0, 0.25, 0.25], "texture": "#16"},
				"south": {"uv": [5, 1.5, 6.25, 2.5], "texture": "#16"},
				"up": {"uv": [1.75, 0, 3, 1], "texture": "#16"}
			},
			"to": [9.29587, 9.09306, 9.52749],
			"from": [6.73651, 7.04557, 7.48],
			"rotation": {"angle": 0, "axis": "y", "origin": [8.01619, 5.50995, 7.99187]}
		},
		{
			"faces": {
				"north": {"uv": [1.75, 1.5, 3, 2], "texture": "#16"},
				"up": {"uv": [1.75, 1, 3, 1.5], "texture": "#16"},
				"down": {"uv": [0, 0, 0.25, 0.25], "texture": "#16"}
			},
			"to": [9.29587, 9.09306, 7.48],
			"from": [6.73651, 8.06931, 6.45626],
			"rotation": {"angle": 0, "axis": "y", "origin": [8.01619, 5.50995, 7.99187]}
		},
		{
			"faces": {
				"north": {"uv": [2.25, 2, 2.5, 2.5], "texture": "#16"},
				"east": {"uv": [0, 0, 0.25, 0.25], "texture": "#16"},
				"west": {"uv": [0, 0, 0.25, 0.25], "texture": "#16"}
			},
			"to": [8.27213, 8.06931, 7.48],
			"from": [7.76026, 7.04557, 6.45626],
			"rotation": {"angle": 0, "axis": "y", "origin": [8.01619, 5.50995, 7.99187]}
		},
		{
			"faces": {
				"north": {"uv": [4.75, 0.25, 4.25, 0.5], "texture": "#16"},
				"east": {"uv": [4.25, 0.25, 4.75, 0.5], "texture": "#16"},
				"south": {"uv": [4.25, 0.25, 4.75, 0.5], "texture": "#16"},
				"west": {"uv": [4.25, 0.25, 4.75, 0.5], "texture": "#16"},
				"up": {"uv": [4.25, 0.25, 4.75, 0.5], "texture": "#16"},
				"down": {"uv": [4.25, 0.25, 4.75, 0.5], "texture": "#16"}
			},
			"to": [8.52806, 6.02182, 5.43251],
			"from": [7.50432, 5.50995, 5.43251],
			"rotation": {"angle": 0, "axis": "y", "origin": [8.01619, 5.50995, 7.99187]}
		}
	],
	"display": {
		"head": {
			"translation": [0, 5.6, 0],
			"scale": [4, 4, 4],
			"rotation": [0, 0, 0]
		}
	}
}