{
	"__credit": "Generated using Animated Java (https://animated-java.dev/)",
	"textures": {
		"0": "minecraft:fnaf/bonnie/default",
		"14": "minecraft:fnaf/bonnie/old",
		"16": "minecraft:fnaf/bonnie/plus"
	},
	"elements": [
		{
			"faces": {
				"north": {"uv": [11.25, 0.5, 13.25, 1], "texture": "#0"},
				"east": {"uv": [10.75, 0.5, 11.25, 1], "texture": "#0"},
				"south": {"uv": [11.25, 0.5, 13.25, 1], "texture": "#0"},
				"west": {"uv": [10.75, 0, 11.25, 0.5], "texture": "#0"},
				"up": {"uv": [11.25, 0, 12.5, 0.5], "texture": "#0"},
				"down": {"uv": [11.25, 1, 13.25, 1.5], "texture": "#0"}
			},
			"to": [10.06368, 5.50182, 8.49562],
			"from": [5.9687, 4.47808, 7.47187],
			"rotation": {"angle": 0, "axis": "y", "origin": [7.76026, 4.47808, 6.96]}
		},
		{
			"faces": {
				"north": {"uv": [7, 3.5, 7.5, 3.75], "texture": "#0"},
				"east": {"uv": [7, 3.5, 7.5, 3.75], "texture": "#0"},
				"south": {"uv": [7, 3.5, 7.5, 3.75], "texture": "#0"},
				"west": {"uv": [7, 3.5, 7.5, 3.75], "texture": "#0"},
				"up": {"uv": [7.25, 3, 7.75, 3.5], "texture": "#0"},
				"down": {"uv": [7, 3.5, 7.5, 3.75], "texture": "#0"}
			},
			"to": [8.52806, 5.50182, 7.47187],
			"from": [7.50432, 4.98995, 6.44813],
			"rotation": {"angle": 0, "axis": "y", "origin": [7.76026, 4.47808, 6.96]}
		},
		{
			"faces": {
				"north": {"uv": [12.5, 0, 14, 0.5], "texture": "#0"},
				"east": {"uv": [13, 1.5, 13.75, 2], "texture": "#0"},
				"south": {"uv": [12.5, 0.5, 14, 1], "texture": "#0"},
				"west": {"uv": [12.5, 1, 13.25, 1.5], "texture": "#0"},
				"up": {"uv": [14, 0, 15.5, 0.75], "texture": "#0"},
				"down": {"uv": [14, 1.25, 15.5, 2.5], "texture": "#0"}
			},
			"to": [9.55181, 4.98995, 6.44813],
			"from": [6.48058, 3.96621, 4.91251],
			"rotation": {"angle": 0, "axis": "y", "origin": [7.76026, 4.47808, 6.96]}
		},
		{
			"faces": {
				"north": {"uv": [12.5, 0.25, 14, 0.5], "texture": "#0"},
				"east": {"uv": [12.5, 1.75, 13, 2], "texture": "#0"},
				"south": {"uv": [12.5, 0.5, 14, 1], "texture": "#0"},
				"west": {"uv": [13.25, 1.25, 13.75, 1.5], "texture": "#0"},
				"up": {"uv": [14, 0.75, 16, 1.25], "texture": "#0"},
				"down": {"uv": [14, 2, 15.5, 2.5], "texture": "#0"}
			},
			"to": [10.06368, 4.98995, 7.47187],
			"from": [5.9687, 4.47808, 6.44813],
			"rotation": {"angle": 0, "axis": "y", "origin": [7.76026, 4.47808, 6.96]}
		},
		{
			"faces": {
				"north": {"uv": [7.5, 3.5, 7.75, 3.75], "texture": "#0"},
				"east": {"uv": [7.5, 3.5, 8, 3.75], "rotation": 180, "texture": "#0"},
				"south": {"uv": [7.75, 3.5, 8, 3.75], "texture": "#0"},
				"west": {"uv": [7.5, 3.5, 8, 3.75], "texture": "#0"},
				"up": {"uv": [7.5, 3.5, 8, 3.75], "rotation": 90, "texture": "#0"},
				"down": {"uv": [7.5, 3.5, 8, 3.75], "rotation": 90, "texture": "#0"}
			},
			"to": [7.50432, 5.50182, 6.44813],
			"from": [6.99245, 4.98995, 5.42438],
			"rotation": {"angle": 0, "axis": "y", "origin": [7.76026, 4.47808, 6.96]}
		},
		{
			"faces": {
				"north": {"uv": [7.5, 3.5, 7.75, 3.75], "texture": "#0"},
				"east": {"uv": [7.5, 3.5, 8, 3.75], "rotation": 180, "texture": "#0"},
				"south": {"uv": [7.75, 3.5, 8, 3.75], "texture": "#0"},
				"west": {"uv": [7.5, 3.5, 8, 3.75], "texture": "#0"},
				"up": {"uv": [7.5, 3.5, 8, 3.75], "rotation": 90, "texture": "#0"},
				"down": {"uv": [7.5, 3.5, 8, 3.75], "rotation": 90, "texture": "#0"}
			},
			"to": [9.03994, 5.50182, 6.44813],
			"from": [8.52806, 4.98995, 5.42438],
			"rotation": {"angle": 0, "axis": "y", "origin": [8.784, 4.98995, 5.42438]}
		},
		{
			"faces": {
				"north": {"uv": [7.5, 3.5, 7.75, 3.75], "texture": "#0"},
				"east": {"uv": [7.5, 3.5, 8, 3.75], "rotation": 180, "texture": "#0"},
				"south": {"uv": [7.75, 3.5, 8, 3.75], "texture": "#0"},
				"west": {"uv": [7.5, 3.5, 8, 3.75], "texture": "#0"},
				"up": {"uv": [7.5, 3.5, 8, 3.75], "rotation": 90, "texture": "#0"},
				"down": {"uv": [7.5, 3.5, 8, 3.75], "rotation": 90, "texture": "#0"}
			},
			"to": [9.55181, 5.50182, 7.47187],
			"from": [9.03994, 4.98995, 6.44813],
			"rotation": {"angle": 0, "axis": "y", "origin": [8.784, 4.98995, 5.42438]}
		},
		{
			"faces": {
				"north": {"uv": [7.5, 3.5, 7.75, 3.75], "texture": "#0"},
				"east": {"uv": [7.5, 3.5, 8, 3.75], "rotation": 180, "texture": "#0"},
				"south": {"uv": [7.75, 3.5, 8, 3.75], "texture": "#0"},
				"west": {"uv": [7.5, 3.5, 8, 3.75], "texture": "#0"},
				"up": {"uv": [7.5, 3.5, 8, 3.75], "rotation": 90, "texture": "#0"},
				"down": {"uv": [7.5, 3.5, 8, 3.75], "rotation": 90, "texture": "#0"}
			},
			"to": [6.99245, 5.50182, 7.47187],
			"from": [6.48058, 4.98995, 6.44813],
			"rotation": {"angle": 0, "axis": "y", "origin": [8.784, 4.98995, 5.42438]}
		},
		{
			"faces": {
				"north": {"uv": [4.25, 5, 5.75, 5.25], "texture": "#14"},
				"east": {"uv": [4, 4, 4.25, 5], "rotation": 90, "texture": "#14"},
				"south": {"uv": [4.25, 4, 5.75, 5], "texture": "#14"},
				"west": {"uv": [5.75, 4, 6, 5], "rotation": 90, "texture": "#14"},
				"up": {"uv": [4.25, 4, 5.75, 5], "texture": "#14"},
				"down": {"uv": [6, 4, 7.5, 5], "texture": "#14"}
			},
			"to": [9.55181, 4.98995, 6.96],
			"from": [6.48058, 4.47808, 4.91251],
			"rotation": {"angle": 0, "axis": "y", "origin": [8.01619, 4.98995, 7.47187]}
		},
		{
			"faces": {
				"north": {"uv": [4, 3.75, 6, 4], "texture": "#14"},
				"east": {"uv": [0, 2.75, 1, 3], "texture": "#14"},
				"south": {"uv": [4, 2.75, 6, 3], "texture": "#14"},
				"west": {"uv": [3, 2.75, 4, 3], "texture": "#14"},
				"up": {"uv": [4, 3, 6, 4], "texture": "#14"},
				"down": {"uv": [6, 3, 8, 4], "texture": "#14"}
			},
			"to": [10.06368, 4.98995, 9.00749],
			"from": [5.9687, 4.47808, 6.96],
			"rotation": {"angle": 0, "axis": "y", "origin": [8.01619, 4.98995, 7.47187]}
		},
		{
			"faces": {
				"north": {"uv": [5, 0.75, 6.75, 1], "texture": "#14"},
				"east": {"uv": [5, 0.75, 6.75, 1], "texture": "#14"},
				"south": {"uv": [5, 0.75, 6.75, 1], "texture": "#14"},
				"west": {"uv": [5, 0.75, 6.75, 1], "texture": "#14"},
				"up": {"uv": [5, 0.75, 6.75, 1], "texture": "#14"},
				"down": {"uv": [5, 0.75, 6.75, 1], "texture": "#14"}
			},
			"to": [6.48569, 5.50182, 8.49562],
			"from": [6.48569, 4.98995, 4.91251],
			"rotation": {"angle": 0, "axis": "y", "origin": [8.01619, 4.98995, 7.47187]}
		},
		{
			"faces": {
				"north": {"uv": [5, 0.75, 6.5, 1], "texture": "#14"},
				"east": {"uv": [5, 0.75, 6.5, 1], "texture": "#14"},
				"south": {"uv": [6.5, 0.75, 5, 1], "texture": "#14"},
				"west": {"uv": [5, 0.75, 6.5, 1], "texture": "#14"},
				"up": {"uv": [5, 0.75, 6.5, 1], "texture": "#14"},
				"down": {"uv": [5, 0.75, 6.5, 1], "texture": "#14"}
			},
			"to": [9.55181, 5.50182, 4.91251],
			"from": [6.48058, 4.98995, 4.91251],
			"rotation": {"angle": 0, "axis": "y", "origin": [8.01619, 4.98995, 7.47187]}
		},
		{
			"faces": {
				"north": {"uv": [5, 1, 6.75, 0.75], "texture": "#14"},
				"east": {"uv": [5, 1, 6.75, 0.75], "texture": "#14"},
				"south": {"uv": [5, 1, 6.75, 0.75], "texture": "#14"},
				"west": {"uv": [5, 1, 6.75, 0.75], "texture": "#14"},
				"up": {"uv": [5, 1, 6.75, 0.75], "texture": "#14"},
				"down": {"uv": [5, 1, 6.75, 0.75], "texture": "#14"}
			},
			"to": [9.54669, 5.50182, 8.49562],
			"from": [9.54669, 4.98995, 4.91251],
			"rotation": {"angle": 0, "axis": "y", "origin": [8.01619, 4.98995, 7.47187]}
		},
		{
			"faces": {
				"north": {"uv": [2.5, 2.5, 1.5, 2.75], "texture": "#14"},
				"east": {"uv": [2.25, 2.5, 2.5, 3.25], "rotation": 90, "texture": "#14"},
				"south": {"uv": [1.5, 3, 2.5, 3.25], "texture": "#14"},
				"west": {"uv": [1.5, 2.5, 1.75, 3.25], "rotation": 90, "texture": "#14"},
				"up": {"uv": [1.5, 2.5, 2.5, 3.25], "texture": "#14"},
				"down": {"uv": [1.5, 2.5, 2.5, 3.25], "texture": "#14"}
			},
			"to": [9.03994, 5.50182, 7.98374],
			"from": [6.99245, 4.98995, 6.44813],
			"rotation": {"angle": 0, "axis": "y", "origin": [8.01619, 4.98995, 7.98374]}
		},
		{
			"faces": {
				"north": {"uv": [1.5, 4, 3, 4.5], "texture": "#16"},
				"east": {"uv": [1, 4, 1.5, 4.5], "texture": "#16"},
				"south": {"uv": [3.5, 4, 5, 4.5], "texture": "#16"},
				"west": {"uv": [3, 4, 3.5, 4.5], "texture": "#16"},
				"up": {"uv": [1.5, 3.5, 3, 4], "texture": "#16"},
				"down": {"uv": [3, 3.5, 4.5, 4], "texture": "#16"}
			},
			"to": [9.55181, 4.98995, 5.93626],
			"from": [6.48058, 3.96621, 4.91251],
			"rotation": {"angle": 0, "axis": "y", "origin": [8.01619, 4.98995, 7.47187]}
		},
		{
			"faces": {
				"north": {"uv": [4.25, 0.25, 5.25, 0.5], "texture": "#16"},
				"east": {"uv": [4.25, 0.25, 5.25, 0.5], "texture": "#16"},
				"south": {"uv": [4.25, 0.25, 5.25, 0.5], "texture": "#16"},
				"west": {"uv": [4.25, 0.25, 5.25, 0.5], "texture": "#16"},
				"up": {"uv": [4.25, 0.25, 5.25, 0.5], "texture": "#16"},
				"down": {"uv": [4.25, 0.25, 5.25, 0.5], "texture": "#16"}
			},
			"to": [9.03994, 5.50182, 5.16845],
			"from": [6.99245, 4.98995, 5.16845],
			"rotation": {"angle": 0, "axis": "y", "origin": [8.01619, 4.98995, 7.47187]}
		},
		{
			"faces": {
				"north": {"uv": [4.25, 0.25, 4.75, 0.5], "texture": "#16"},
				"east": {"uv": [4.25, 0.25, 4.75, 0.5], "texture": "#16"},
				"south": {"uv": [4.25, 0.25, 4.75, 0.5], "texture": "#16"},
				"west": {"uv": [4.25, 0.25, 4.75, 0.5], "texture": "#16"},
				"up": {"uv": [4.25, 0.25, 4.75, 0.5], "texture": "#16"},
				"down": {"uv": [4.25, 0.25, 4.75, 0.5], "texture": "#16"}
			},
			"to": [9.03994, 5.50182, 6.19219],
			"from": [9.03994, 4.98995, 5.16845],
			"rotation": {"angle": 0, "axis": "y", "origin": [8.01619, 4.98995, 7.47187]}
		},
		{
			"faces": {
				"north": {"uv": [4.75, 0.25, 5.25, 0.5], "texture": "#16"},
				"east": {"uv": [4.75, 0.25, 5.25, 0.5], "texture": "#16"},
				"south": {"uv": [4.75, 0.25, 5.25, 0.5], "texture": "#16"},
				"west": {"uv": [4.75, 0.25, 5.25, 0.5], "texture": "#16"},
				"up": {"uv": [4.75, 0.25, 5.25, 0.5], "texture": "#16"},
				"down": {"uv": [4.75, 0.25, 5.25, 0.5], "texture": "#16"}
			},
			"to": [6.99245, 5.50182, 6.19219],
			"from": [6.99245, 4.98995, 5.16845],
			"rotation": {"angle": 0, "axis": "y", "origin": [8.01619, 4.98995, 7.47187]}
		},
		{
			"faces": {
				"north": {"uv": [1.25, 3.25, 3.25, 3.5], "texture": "#16"},
				"east": {"uv": [0.5, 3.25, 1.25, 3.5], "texture": "#16"},
				"south": {"uv": [4, 3.25, 6, 3.5], "texture": "#16"},
				"west": {"uv": [3.25, 3.25, 4, 3.5], "texture": "#16"},
				"up": {"uv": [1.25, 2.5, 3.25, 3.25], "texture": "#16"},
				"down": {"uv": [3.25, 2.5, 5.25, 3.25], "texture": "#16"}
			},
			"to": [10.06368, 4.98995, 7.47187],
			"from": [5.9687, 4.47808, 5.93626],
			"rotation": {"angle": 0, "axis": "y", "origin": [8.01619, 4.98995, 7.47187]}
		},
		{
			"faces": {
				"north": {"uv": [6.5, 3.25, 8.5, 3.5], "texture": "#16"},
				"east": {"uv": [6, 3.25, 6.5, 3.5], "texture": "#16"},
				"south": {"uv": [9, 3.25, 11, 3.5], "texture": "#16"},
				"west": {"uv": [8.5, 3.25, 9, 3.5], "texture": "#16"},
				"up": {"uv": [6.5, 2.75, 8.5, 3.25], "texture": "#16"},
				"down": {"uv": [8.5, 2.75, 10.5, 3.25], "texture": "#16"}
			},
			"to": [10.06368, 5.50182, 8.49562],
			"from": [5.9687, 4.98995, 7.47187],
			"rotation": {"angle": 0, "axis": "y", "origin": [8.01619, 4.98995, 7.47187]}
		},
		{
			"faces": {
				"north": {"uv": [6.25, 0, 5.25, 0.25], "texture": "#16"},
				"east": {"uv": [6, 0, 6.25, 0.5], "rotation": 90, "texture": "#16"},
				"south": {"uv": [5.25, 0, 6.25, 0.5], "texture": "#16"},
				"west": {"uv": [5.5, 0.5, 5.25, 0], "rotation": 90, "texture": "#16"},
				"up": {"uv": [5.25, 0, 6.25, 0.5], "texture": "#16"},
				"down": {"uv": [5.25, 0, 6.25, 0.5], "texture": "#16"}
			},
			"to": [9.03994, 5.50182, 7.47187],
			"from": [6.99245, 4.98995, 6.44813],
			"rotation": {"angle": 0, "axis": "y", "origin": [8.01619, 4.98995, 7.47187]}
		}
	],
	"display": {
		"head": {
			"translation": [0, 5.6, 0],
			"scale": [4, 4, 4],
			"rotation": [0, 0, 0]
		}
	}
}