{
	"__credit": "Generated using Animated Java (https://animated-java.dev/)",
	"textures": {
		"0": "minecraft:fnaf/bonnie/default",
		"14": "minecraft:fnaf/bonnie/old",
		"16": "minecraft:fnaf/bonnie/plus"
	},
	"elements": [
		{
			"faces": {
				"north": {"uv": [9, 2.75, 9.75, 3.75], "texture": "#0"},
				"east": {"uv": [9, 2.75, 9.25, 3.75], "texture": "#0"},
				"south": {"uv": [9.75, 2.75, 10.5, 3.75], "texture": "#0"},
				"west": {"uv": [9.5, 2.75, 9.75, 3.75], "texture": "#0"},
				"up": {"uv": [9, 2.75, 9.75, 3], "texture": "#0"},
				"down": {"uv": [9, 3.5, 9.75, 3.75], "texture": "#0"}
			},
			"to": [8.76026, 7.05178, 8.19187],
			"from": [7.22464, 5.00429, 7.68],
			"rotation": {"angle": 0, "axis": "y", "origin": [8.76026, -2.16192, 7.68]}
		},
		{
			"faces": {
				"north": {"uv": [8, 0, 8.75, 1], "texture": "#14"},
				"east": {"uv": [8, 0, 8.25, 1], "texture": "#14"},
				"south": {"uv": [8.75, 0, 9.5, 1], "texture": "#14"},
				"west": {"uv": [8.5, 0, 8.75, 1], "texture": "#14"},
				"up": {"uv": [8, 0, 8.75, 0.25], "texture": "#14"},
				"down": {"uv": [8, 0.75, 8.75, 1], "texture": "#14"}
			},
			"to": [8.76026, 7.05178, 8.19187],
			"from": [7.22464, 5.00429, 7.68],
			"rotation": {"angle": 0, "axis": "y", "origin": [7.99245, 1.93306, 7.93594]}
		},
		{
			"faces": {
				"north": {"uv": [13.75, 0, 14.5, 1], "texture": "#16"},
				"east": {"uv": [13.75, 0, 14, 1], "texture": "#16"},
				"south": {"uv": [14.5, 0, 15.25, 1], "texture": "#16"},
				"west": {"uv": [14.25, 0, 14.5, 1], "texture": "#16"},
				"up": {"uv": [14.5, 0, 13.75, 0.25], "texture": "#16"},
				"down": {"uv": [14.5, 0.75, 15.25, 1], "texture": "#16"}
			},
			"to": [8.76026, 7.05178, 8.19187],
			"from": [7.22464, 5.00429, 7.68],
			"rotation": {"angle": 0, "axis": "y", "origin": [7.99245, 5.00429, 7.93594]}
		}
	],
	"display": {
		"head": {
			"translation": [0, 5.6, 0],
			"scale": [4, 4, 4],
			"rotation": [0, 0, 0]
		}
	}
}