{
	"__credit": "Generated using Animated Java (https://animated-java.dev/)",
	"textures": {
		"0": "minecraft:fnaf/bonnie/default",
		"16": "minecraft:fnaf/bonnie/plus"
	},
	"elements": [
		{
			"faces": {
				"north": {"uv": [0, 15.5, 0.5, 16], "texture": "#0"},
				"east": {"uv": [0, 15.5, 0.5, 16], "texture": "#0"},
				"south": {"uv": [0, 15.5, 0.5, 16], "texture": "#0"},
				"west": {"uv": [0, 15.5, 0.5, 16], "texture": "#0"},
				"up": {"uv": [0, 15.5, 0.5, 16], "texture": "#0"},
				"down": {"uv": [0, 15.5, 0.5, 16], "texture": "#0"}
			},
			"to": [8.50464, 5.49434, 8.51187],
			"from": [7.4809, 4.47059, 7.48813],
			"rotation": {"angle": 0, "axis": "y", "origin": [8.50464, 4.98246, 8]}
		},
		{
			"faces": {
				"north": {"uv": [0, 13, 1, 14.5], "rotation": 90, "texture": "#0"},
				"east": {"uv": [0, 12, 1, 13], "rotation": 90, "texture": "#0"},
				"south": {"uv": [0, 13, 1, 14.5], "rotation": 90, "texture": "#0"},
				"west": {"uv": [0, 12, 1, 13], "rotation": 90, "texture": "#0"},
				"up": {"uv": [0, 13, 1, 14.5], "rotation": 90, "texture": "#0"},
				"down": {"uv": [0, 13, 1, 14.5], "rotation": 90, "texture": "#0"}
			},
			"to": [7.4809, 6.00621, 9.02374],
			"from": [4.40966, 3.95872, 6.97626],
			"rotation": {"angle": 0, "axis": "y", "origin": [8.50464, 4.98246, 8]}
		},
		{
			"faces": {
				"north": {"uv": [0, 5, 1.5, 6], "texture": "#16"},
				"south": {"uv": [0, 5, 1.5, 6], "texture": "#16"},
				"west": {"uv": [1.5, 5, 2.5, 6], "texture": "#16"},
				"up": {"uv": [0, 5, 1.5, 6], "texture": "#16"},
				"down": {"uv": [0, 5, 1.5, 6], "texture": "#16"}
			},
			"to": [7.4809, 6.00621, 9.02374],
			"from": [4.40966, 3.95872, 6.97626],
			"rotation": {"angle": 0, "axis": "y", "origin": [12.59962, 4.98246, 8]}
		},
		{
			"faces": {
				"north": {"uv": [0.5, 4.5, 2.5, 5], "texture": "#16"},
				"east": {"uv": [0.5, 5, 0, 4.5], "texture": "#16"},
				"south": {"uv": [2.5, 5, 0.5, 4.5], "texture": "#16"},
				"west": {"uv": [3, 5, 2.5, 4.5], "texture": "#16"},
				"up": {"uv": [2.5, 4.5, 0.5, 5], "texture": "#16"},
				"down": {"uv": [2.5, 4.5, 0.5, 5], "texture": "#16"}
			},
			"to": [8.50464, 5.49434, 8.51187],
			"from": [4.41478, 4.47059, 7.48813],
			"rotation": {"angle": 0, "axis": "y", "origin": [12.59962, 1.39936, 8]}
		}
	],
	"display": {
		"head": {
			"translation": [0, 5.6, 0],
			"scale": [4, 4, 4],
			"rotation": [0, 0, 0]
		}
	}
}