{
	"__credit": "Generated using Animated Java (https://animated-java.dev/)",
	"textures": {
		"0": "minecraft:fnaf/bonnie/default",
		"14": "minecraft:fnaf/bonnie/old",
		"16": "minecraft:fnaf/bonnie/plus"
	},
	"elements": [
		{
			"faces": {
				"north": {"uv": [8, 5.5, 9.5, 6], "rotation": 90, "texture": "#14"},
				"east": {"uv": [8, 5.5, 9.5, 6], "rotation": 90, "texture": "#14"},
				"south": {"uv": [8, 5.5, 9.5, 6], "rotation": 90, "texture": "#14"},
				"west": {"uv": [8, 5.5, 9.5, 6], "rotation": 90, "texture": "#14"},
				"up": {"uv": [8, 5.5, 9.5, 6], "rotation": 90, "texture": "#14"},
				"down": {"uv": [8, 5.5, 9.5, 6], "rotation": 90, "texture": "#14"}
			},
			"to": [8.52838, 5, 8.51187],
			"from": [7.50464, 1.92877, 7.48813],
			"rotation": {"angle": 0, "axis": "y", "origin": [8.01651, 1.92877, 8]}
		},
		{
			"faces": {
				"north": {"uv": [0, 7.5, 1, 9], "texture": "#14"},
				"east": {"uv": [3, 7.5, 4, 9], "texture": "#14"},
				"south": {"uv": [2, 7.5, 3, 9], "texture": "#14"},
				"west": {"uv": [1, 7.5, 2, 9], "texture": "#14"},
				"up": {"uv": [4, 7.5, 5, 8.5], "texture": "#14"},
				"down": {"uv": [5, 7.5, 6, 8.5], "texture": "#14"}
			},
			"to": [9.04026, 5, 9.02374],
			"from": [6.99277, 1.92877, 6.97626],
			"rotation": {"angle": 0, "axis": "y", "origin": [8.01651, 5, 8]}
		},
		{
			"faces": {
				"north": {"uv": [3, 10, 4, 10.75], "texture": "#0"},
				"east": {"uv": [3, 10, 3.25, 10.75], "texture": "#0"},
				"south": {"uv": [3, 10, 4, 10.75], "texture": "#0"},
				"west": {"uv": [3.75, 10, 4, 10.75], "texture": "#0"},
				"up": {"uv": [4, 10, 3, 10.25], "texture": "#0"},
				"down": {"uv": [4, 10.5, 3, 10.75], "texture": "#0"}
			},
			"to": [9.04026, 2.44064, 6.97626],
			"from": [6.99277, 0.90502, 6.46438],
			"rotation": {"angle": 0, "axis": "y", "origin": [4.94528, 6.02374, 3.39315]}
		},
		{
			"faces": {
				"north": {"uv": [0, 13, 1, 14.5], "rotation": 180, "texture": "#0"},
				"east": {"uv": [0, 13, 1, 14.5], "texture": "#0"},
				"south": {"uv": [0, 13, 1, 14.5], "texture": "#0"},
				"west": {"uv": [0, 13, 1, 14.5], "texture": "#0"},
				"up": {"uv": [0, 12, 1, 13], "texture": "#0"},
				"down": {"uv": [0, 12, 1, 13], "texture": "#0"}
			},
			"to": [9.04026, 5, 9.02374],
			"from": [6.99277, 1.92877, 6.97626],
			"rotation": {"angle": 0, "axis": "y", "origin": [5.96902, 3.46438, 8]}
		},
		{
			"faces": {
				"north": {"uv": [0.5, 4.75, 0, 3.75], "rotation": 90, "texture": "#14"},
				"east": {"uv": [0.5, 4, 0, 3.75], "rotation": 90, "texture": "#14"},
				"south": {"uv": [0.5, 4.75, 0, 3.75], "rotation": 90, "texture": "#14"},
				"west": {"uv": [0.5, 4.75, 0, 4.5], "rotation": 90, "texture": "#14"},
				"up": {"uv": [0.25, 3.75, 0.5, 4.75], "rotation": 90, "texture": "#14"},
				"down": {"uv": [0.25, 3.75, 0, 4.75], "rotation": 90, "texture": "#14"}
			},
			"to": [9.04026, 2.44064, 6.97626],
			"from": [6.99277, 1.4169, 6.46438],
			"rotation": {"angle": 0, "axis": "y", "origin": [10.57587, 5, 8]}
		},
		{
			"faces": {
				"north": {"uv": [0, 9, 1, 10.5], "texture": "#16"},
				"east": {"uv": [0, 9, 1, 10.5], "texture": "#16"},
				"south": {"uv": [0, 9, 1, 10.5], "texture": "#16"},
				"west": {"uv": [0, 9, 1, 10.5], "texture": "#16"},
				"up": {"uv": [1, 9, 2, 10], "texture": "#16"},
				"down": {"uv": [1, 9, 2, 10], "texture": "#16"}
			},
			"to": [9.04026, 5, 9.02374],
			"from": [6.99277, 1.92877, 6.97626],
			"rotation": {"angle": 0, "axis": "y", "origin": [8.01651, 5, 8]}
		}
	],
	"display": {
		"head": {
			"translation": [0, 5.6, 0],
			"scale": [4, 4, 4],
			"rotation": [0, 0, 0]
		}
	}
}