{
	"__credit": "Generated using Animated Java (https://animated-java.dev/)",
	"textures": {
		"0": "minecraft:fnaf/bonnie/default",
		"14": "minecraft:fnaf/bonnie/old",
		"16": "minecraft:fnaf/bonnie/plus"
	},
	"elements": [
		{
			"faces": {
				"north": {"uv": [5.5, 10, 6.5, 10.5], "texture": "#0"},
				"east": {"uv": [4.5, 10, 5.5, 10.5], "texture": "#0"},
				"south": {"uv": [4.5, 10, 5.5, 10.5], "texture": "#0"},
				"west": {"uv": [4, 10, 5.5, 10.5], "texture": "#0"},
				"up": {"uv": [5.5, 8.5, 6.5, 10], "texture": "#0"},
				"down": {"uv": [4.5, 8.5, 5.5, 9.75], "texture": "#0"}
			},
			"to": [8.99994, 1.90605, 9.02598],
			"from": [6.95245, 0.8823, 5.95475],
			"rotation": {"angle": 0, "axis": "y", "origin": [4.90496, 9.07226, 3.39539]}
		},
		{
			"faces": {
				"north": {"uv": [0, 13, 1, 14.5], "rotation": 180, "texture": "#0"},
				"east": {"uv": [0, 13, 1, 14.5], "texture": "#0"},
				"south": {"uv": [0, 13, 1, 14.5], "texture": "#0"},
				"west": {"uv": [0, 13, 1, 14.5], "texture": "#0"},
				"up": {"uv": [0, 12, 1, 13], "texture": "#0"},
				"down": {"uv": [0, 12, 1, 13], "texture": "#0"}
			},
			"to": [8.99994, 4.97728, 9.02598],
			"from": [6.95245, 1.90605, 6.9785],
			"rotation": {"angle": 0, "axis": "y", "origin": [5.9287, 6.5129, 8.00224]}
		},
		{
			"faces": {
				"north": {"uv": [5.25, 15, 6.5, 15.5], "texture": "#14"},
				"east": {"uv": [3.25, 15, 5.25, 15.5], "texture": "#14"},
				"south": {"uv": [5.25, 15.5, 6.5, 16], "texture": "#14"},
				"west": {"uv": [3.25, 15.5, 5.25, 16], "texture": "#14"},
				"up": {"uv": [3.25, 13, 4.5, 15], "texture": "#14"},
				"down": {"uv": [4.5, 13, 5.75, 15], "texture": "#14"}
			},
			"to": [9.25587, 1.90605, 9.02598],
			"from": [6.69651, 0.8823, 4.93101],
			"rotation": {"angle": 0, "axis": "y", "origin": [9.25587, 0.8823, 7.49037]}
		},
		{
			"faces": {
				"north": {"uv": [0, 9, 1, 10.25], "texture": "#14"},
				"east": {"uv": [3, 9, 4, 10.25], "texture": "#14"},
				"south": {"uv": [2, 9, 3, 10.25], "texture": "#14"},
				"west": {"uv": [1, 9, 2, 10.25], "texture": "#14"},
				"up": {"uv": [4, 9, 5, 10], "texture": "#14"},
				"down": {"uv": [5, 9, 6, 10], "texture": "#14"}
			},
			"to": [8.99994, 4.46541, 9.02598],
			"from": [6.95245, 1.90605, 6.9785],
			"rotation": {"angle": 0, "axis": "y", "origin": [7.97619, 8.04851, 8.00224]}
		},
		{
			"faces": {
				"north": {"uv": [8, 5.5, 9.5, 6], "rotation": 90, "texture": "#14"},
				"east": {"uv": [8, 5.5, 9.5, 6], "rotation": 90, "texture": "#14"},
				"south": {"uv": [8, 5.5, 9.5, 6], "rotation": 90, "texture": "#14"},
				"west": {"uv": [8, 5.5, 9.5, 6], "rotation": 90, "texture": "#14"},
				"up": {"uv": [8, 5.5, 9.5, 6], "rotation": 90, "texture": "#14"},
				"down": {"uv": [8, 5.5, 9.5, 6], "rotation": 90, "texture": "#14"}
			},
			"to": [8.48806, 4.97728, 8.51411],
			"from": [7.46432, 1.90605, 7.49037],
			"rotation": {"angle": 0, "axis": "y", "origin": [7.97619, 4.97728, 8.00224]}
		},
		{
			"faces": {
				"north": {"uv": [2, 15, 3.25, 15.5], "texture": "#16"},
				"east": {"uv": [0, 15, 2, 15.5], "texture": "#16"},
				"south": {"uv": [2, 15.5, 3.25, 16], "texture": "#16"},
				"west": {"uv": [0, 15.5, 2, 16], "texture": "#16"},
				"up": {"uv": [0, 13, 1.25, 15], "texture": "#16"},
				"down": {"uv": [1.25, 13, 2.5, 15], "texture": "#16"}
			},
			"to": [9.25587, 1.90605, 9.02598],
			"from": [6.69651, 0.8823, 4.93101],
			"rotation": {"angle": 0, "axis": "y", "origin": [9.25587, 0.8823, 7.49037]}
		},
		{
			"faces": {
				"north": {"uv": [0, 10.5, 1, 12], "texture": "#16"},
				"east": {"uv": [0, 10.5, 1, 12], "texture": "#16"},
				"south": {"uv": [0, 10.5, 1, 12], "texture": "#16"},
				"west": {"uv": [0, 10.5, 1, 12], "texture": "#16"},
				"up": {"uv": [1, 10.5, 2, 11.5], "texture": "#16"},
				"down": {"uv": [1, 10.5, 2, 11.5], "texture": "#16"}
			},
			"to": [8.99994, 4.97728, 9.02598],
			"from": [6.95245, 1.90605, 6.9785],
			"rotation": {"angle": 0, "axis": "y", "origin": [10.53555, 4.97728, 8.00224]}
		}
	],
	"display": {
		"head": {
			"translation": [0, 5.6, 0],
			"scale": [4, 4, 4],
			"rotation": [0, 0, 0]
		}
	}
}