{
	"__credit": "Generated using Animated Java (https://animated-java.dev/)",
	"textures": {
		"0": "minecraft:fnaf/bonnie/default",
		"16": "minecraft:fnaf/bonnie/plus"
	},
	"elements": [
		{
			"faces": {
				"north": {"uv": [0, 13, 1, 14.5], "rotation": 90, "texture": "#0"},
				"east": {"uv": [0, 12, 1, 13], "rotation": 90, "texture": "#0"},
				"south": {"uv": [0, 13, 1, 14.5], "rotation": 90, "texture": "#0"},
				"west": {"uv": [0, 12, 1, 13], "rotation": 90, "texture": "#0"},
				"up": {"uv": [0, 13, 1, 14.5], "rotation": 90, "texture": "#0"},
				"down": {"uv": [0, 13, 1, 14.5], "rotation": 90, "texture": "#0"}
			},
			"to": [8.00966, 6.00621, 9.02374],
			"from": [4.93843, 3.95872, 6.97626],
			"rotation": {"angle": 0, "axis": "y", "origin": [12.10464, 4.98246, 8]}
		},
		{
			"faces": {
				"north": {"uv": [0, 10, 1, 11], "texture": "#0"},
				"east": {"uv": [0, 12, 1, 13], "texture": "#0"},
				"south": {"uv": [2, 10, 3, 11], "texture": "#0"},
				"west": {"uv": [1, 10, 2, 11], "texture": "#0"},
				"up": {"uv": [0, 11, 1, 12], "texture": "#0"},
				"down": {"uv": [1, 11, 2, 12], "texture": "#0"}
			},
			"to": [4.93843, 6.00621, 9.02374],
			"from": [2.89094, 3.95872, 6.97626],
			"rotation": {"angle": 0, "axis": "y", "origin": [12.10464, 4.98246, 8]}
		},
		{
			"faces": {
				"north": {"uv": [0, 6, 1.25, 7], "texture": "#16"},
				"east": {"uv": [1.25, 6, 2.25, 7], "texture": "#16"},
				"south": {"uv": [0, 6, 1.25, 7], "texture": "#16"},
				"up": {"uv": [0, 6, 1.25, 7], "texture": "#16"},
				"down": {"uv": [0, 6, 1.25, 7], "texture": "#16"}
			},
			"to": [8.00966, 6.00621, 9.02374],
			"from": [5.4503, 3.95872, 6.97626],
			"rotation": {"angle": 0, "axis": "y", "origin": [16.19962, 4.98246, 8]}
		},
		{
			"faces": {
				"north": {"uv": [1, 4.5, 2.5, 5], "texture": "#16"},
				"east": {"uv": [0, 4.5, 0.5, 5], "texture": "#16"},
				"south": {"uv": [0.75, 5, 2.25, 4.5], "texture": "#16"},
				"west": {"uv": [2.5, 4.5, 3, 5], "texture": "#16"},
				"up": {"uv": [0.75, 4.5, 2.25, 5], "texture": "#16"},
				"down": {"uv": [0.75, 4.5, 2.25, 5], "texture": "#16"}
			},
			"to": [8.00455, 5.49434, 8.51187],
			"from": [4.93843, 4.47059, 7.48813],
			"rotation": {"angle": 0, "axis": "y", "origin": [16.19962, 1.39936, 8]}
		},
		{
			"faces": {
				"north": {"uv": [1, 8, 2, 9], "texture": "#16"},
				"east": {"uv": [0, 8, 1, 9], "texture": "#16"},
				"south": {"uv": [3, 8, 4, 9], "texture": "#16"},
				"west": {"uv": [2, 8, 3, 9], "texture": "#16"},
				"up": {"uv": [1, 7, 2, 8], "texture": "#16"},
				"down": {"uv": [2, 7, 3, 8], "texture": "#16"}
			},
			"to": [4.93843, 6.00621, 9.02374],
			"from": [2.89094, 3.95872, 6.97626],
			"rotation": {"angle": 0, "axis": "y", "origin": [16.19962, 4.98246, 8]}
		}
	],
	"display": {
		"head": {
			"translation": [0, 5.6, 0],
			"scale": [4, 4, 4],
			"rotation": [0, 0, 0]
		}
	}
}