{
	"__credit": "Generated using Animated Java (https://animated-java.dev/)",
	"textures": {
		"1": "minecraft:fnaf/bonnie/eye_default",
		"2": "minecraft:fnaf/white",
		"14": "minecraft:fnaf/bonnie/old",
		"15": "minecraft:fnaf/bonnie/eye_plus"
	},
	"elements": [
		{
			"faces": {
				"north": {"uv": [6, 2, 2, 6], "rotation": 90, "texture": "#2"},
				"east": {"uv": [2, 6, 6, 2], "texture": "#2"},
				"south": {"uv": [2, 6, 6, 2], "texture": "#2"},
				"west": {"uv": [2, 6, 6, 2], "texture": "#2"},
				"up": {"uv": [2, 6, 6, 2], "texture": "#2"},
				"down": {"uv": [2, 6, 6, 2], "texture": "#2"}
			},
			"to": [7.21638, 4.99744, 7.76789],
			"from": [7.1652, 4.94625, 7.76789],
			"rotation": {"angle": 0, "axis": "y", "origin": [7.72826, 2.43808, 8.592]}
		},
		{
			"faces": {
				"north": {"uv": [6, 2, 2, 6], "rotation": 90, "texture": "#1"},
				"east": {"uv": [2, 6, 6, 2], "texture": "#1"},
				"south": {"uv": [2, 6, 6, 2], "texture": "#1"},
				"west": {"uv": [2, 6, 6, 2], "texture": "#1"},
				"up": {"uv": [2, 6, 6, 2], "texture": "#1"},
				"down": {"uv": [2, 6, 6, 2], "texture": "#1"}
			},
			"to": [7.36995, 5.151, 7.7986],
			"from": [7.01164, 4.79269, 7.7986],
			"rotation": {"angle": 0, "axis": "y", "origin": [7.72826, 2.43808, 8.592]}
		},
		{
			"faces": {
				"north": {"uv": [6, 2, 2, 6], "rotation": 90, "texture": "#1"},
				"east": {"uv": [2, 6, 6, 2], "texture": "#1"},
				"south": {"uv": [2, 6, 6, 2], "texture": "#1"},
				"west": {"uv": [2, 6, 6, 2], "texture": "#1"},
				"up": {"uv": [2, 6, 6, 2], "texture": "#1"},
				"down": {"uv": [2, 6, 6, 2], "texture": "#1"}
			},
			"to": [8.90556, 5.151, 7.7986],
			"from": [8.54725, 4.79269, 7.7986],
			"rotation": {"angle": 0, "axis": "y", "origin": [9.26387, 2.43808, 8.592]}
		},
		{
			"faces": {
				"north": {"uv": [6, 2, 2, 6], "rotation": 90, "texture": "#2"},
				"east": {"uv": [2, 6, 6, 2], "texture": "#2"},
				"south": {"uv": [2, 6, 6, 2], "texture": "#2"},
				"west": {"uv": [2, 6, 6, 2], "texture": "#2"},
				"up": {"uv": [2, 6, 6, 2], "texture": "#2"},
				"down": {"uv": [2, 6, 6, 2], "texture": "#2"}
			},
			"to": [8.752, 4.99744, 7.76789],
			"from": [8.70081, 4.94625, 7.76789],
			"rotation": {"angle": 0, "axis": "y", "origin": [9.26387, 2.43808, 8.592]}
		},
		{
			"faces": {
				"north": {"uv": [0.75, 0, 1, 0.25], "texture": "#14"},
				"east": {"uv": [0.75, 0, 1, 0.25], "texture": "#14"},
				"south": {"uv": [0.75, 0, 1, 0.25], "texture": "#14"},
				"west": {"uv": [0.75, 0, 1, 0.25], "texture": "#14"},
				"up": {"uv": [0.75, 0, 1, 0.25], "texture": "#14"},
				"down": {"uv": [0.75, 0, 1, 0.25], "texture": "#14"}
			},
			"to": [7.21638, 5.09981, 9.07828],
			"from": [6.96045, 4.84388, 9.07828],
			"rotation": {"angle": 0, "axis": "y", "origin": [7.98419, 2.94995, 9.10387]}
		},
		{
			"faces": {
				"north": {"uv": [0.75, 0, 1, 0.25], "texture": "#14"},
				"east": {"uv": [0.75, 0, 1, 0.25], "texture": "#14"},
				"south": {"uv": [0.75, 0, 1, 0.25], "texture": "#14"},
				"west": {"uv": [0.75, 0, 1, 0.25], "texture": "#14"},
				"up": {"uv": [0.75, 0, 1, 0.25], "texture": "#14"},
				"down": {"uv": [0.75, 0, 1, 0.25], "texture": "#14"}
			},
			"to": [9.00794, 5.09981, 9.07828],
			"from": [8.752, 4.84388, 9.07828],
			"rotation": {"angle": 0, "axis": "y", "origin": [7.98419, 2.94995, 9.10387]}
		},
		{
			"faces": {
				"north": {"uv": [6, 2, 2, 6], "rotation": 90, "texture": "#15"},
				"east": {"uv": [2, 6, 6, 2], "texture": "#15"},
				"south": {"uv": [2, 6, 6, 2], "texture": "#15"},
				"west": {"uv": [2, 6, 6, 2], "texture": "#15"},
				"up": {"uv": [2, 6, 6, 2], "texture": "#15"},
				"down": {"uv": [2, 6, 6, 2], "texture": "#15"}
			},
			"to": [8.85437, 5.09981, 7.7986],
			"from": [8.59844, 4.84388, 7.7986],
			"rotation": {"angle": 0, "axis": "y", "origin": [9.26387, 2.43808, 8.592]}
		},
		{
			"faces": {
				"north": {"uv": [6, 2, 2, 6], "rotation": 90, "texture": "#15"},
				"east": {"uv": [2, 6, 6, 2], "texture": "#15"},
				"south": {"uv": [2, 6, 6, 2], "texture": "#15"},
				"west": {"uv": [2, 6, 6, 2], "texture": "#15"},
				"up": {"uv": [2, 6, 6, 2], "texture": "#15"},
				"down": {"uv": [2, 6, 6, 2], "texture": "#15"}
			},
			"to": [7.36995, 5.09981, 7.7986],
			"from": [7.11401, 4.84388, 7.7986],
			"rotation": {"angle": 0, "axis": "y", "origin": [7.72826, 2.43808, 8.592]}
		}
	],
	"display": {
		"head": {
			"translation": [0, 5.6, 0],
			"scale": [4, 4, 4],
			"rotation": [0, 0, 0]
		}
	}
}