{
	"__credit": "Generated using Animated Java (https://animated-java.dev/)",
	"textures": {
		"0": "minecraft:fnaf/bonnie/default",
		"14": "minecraft:fnaf/bonnie/old",
		"16": "minecraft:fnaf/bonnie/plus"
	},
	"elements": [
		{
			"faces": {
				"north": {"uv": [0, 13, 1, 14.5], "rotation": 90, "texture": "#0"},
				"east": {"uv": [0, 12, 1, 13], "rotation": 90, "texture": "#0"},
				"south": {"uv": [0, 13, 1, 14.5], "rotation": 90, "texture": "#0"},
				"west": {"uv": [0, 12, 1, 13], "rotation": 90, "texture": "#0"},
				"up": {"uv": [0, 13, 1, 14.5], "rotation": 90, "texture": "#0"},
				"down": {"uv": [0, 13, 1, 14.5], "rotation": 90, "texture": "#0"}
			},
			"to": [11.58272, 6.00621, 9.02374],
			"from": [8.51149, 3.95872, 6.97626],
			"rotation": {"angle": 0, "axis": "y", "origin": [3.90464, 4.98246, 8]}
		},
		{
			"faces": {
				"north": {"uv": [0, 15.5, 0.5, 16], "texture": "#0"},
				"east": {"uv": [0, 15.5, 0.5, 16], "texture": "#0"},
				"south": {"uv": [0, 15.5, 0.5, 16], "texture": "#0"},
				"west": {"uv": [0, 15.5, 0.5, 16], "texture": "#0"},
				"up": {"uv": [0, 15.5, 0.5, 16], "texture": "#0"},
				"down": {"uv": [0, 15.5, 0.5, 16], "texture": "#0"}
			},
			"to": [8.51149, 5.49434, 8.51187],
			"from": [7.48774, 4.47059, 7.48813],
			"rotation": {"angle": 0, "axis": "y", "origin": [3.90464, 4.98246, 8]}
		},
		{
			"faces": {
				"north": {"uv": [11.25, 5.5, 11.5, 6], "texture": "#14"},
				"east": {"uv": [11, 5.5, 11.5, 6], "texture": "#14"},
				"south": {"uv": [11, 5.5, 11.25, 6], "texture": "#14"},
				"west": {"uv": [11, 5.5, 11.5, 6], "texture": "#14"},
				"up": {"uv": [11.5, 5.5, 11, 5.75], "rotation": 90, "texture": "#14"},
				"down": {"uv": [11, 5.75, 11.5, 6], "rotation": 90, "texture": "#14"}
			},
			"to": [8.51149, 5.49434, 8.51187],
			"from": [7.99962, 4.47059, 7.48813],
			"rotation": {"angle": 0, "axis": "y", "origin": [7.99962, 4.98246, 8]}
		},
		{
			"faces": {
				"north": {"uv": [0, 5.5, 1.5, 6.5], "texture": "#14"},
				"east": {"uv": [7, 5.5, 8, 6.5], "texture": "#14"},
				"south": {"uv": [3, 5.5, 4.5, 6.5], "texture": "#14"},
				"west": {"uv": [6, 5.5, 7, 6.5], "texture": "#14"},
				"up": {"uv": [1.5, 5.5, 3, 6.5], "texture": "#14"},
				"down": {"uv": [4.5, 5.5, 6, 6.5], "texture": "#14"}
			},
			"to": [11.58272, 6.00621, 9.02374],
			"from": [8.51149, 3.95872, 6.97626],
			"rotation": {"angle": 0, "axis": "y", "origin": [7.99962, 4.98246, 8]}
		},
		{
			"faces": {
				"north": {"uv": [8, 5.5, 9.5, 6], "texture": "#14"},
				"east": {"uv": [11, 5.5, 11.5, 6], "texture": "#14"},
				"south": {"uv": [9.5, 5.5, 8, 6], "texture": "#14"},
				"west": {"uv": [11, 5.5, 11.5, 6], "texture": "#14"},
				"up": {"uv": [9.5, 5.5, 8, 6], "texture": "#14"},
				"down": {"uv": [9.5, 5.5, 8, 6], "texture": "#14"}
			},
			"to": [11.58272, 5.49434, 8.51187],
			"from": [8.51149, 4.47059, 7.48813],
			"rotation": {"angle": 0, "axis": "y", "origin": [7.99962, 4.98246, 8]}
		},
		{
			"faces": {
				"north": {"uv": [2.5, 4.5, 0.5, 5], "texture": "#16"},
				"east": {"uv": [3, 4.5, 2.5, 5], "texture": "#16"},
				"south": {"uv": [0.5, 5, 2.5, 4.5], "texture": "#16"},
				"west": {"uv": [0.5, 4.5, 0, 5], "texture": "#16"},
				"up": {"uv": [0.5, 4.5, 2.5, 5], "texture": "#16"},
				"down": {"uv": [0.5, 4.5, 2.5, 5], "texture": "#16"}
			},
			"to": [11.5776, 5.49434, 8.51187],
			"from": [7.48774, 4.47059, 7.48813],
			"rotation": {"angle": 0, "axis": "y", "origin": [7.99962, 2.93498, 8]}
		},
		{
			"faces": {
				"north": {"uv": [0, 6, 1.5, 5], "texture": "#16"},
				"east": {"uv": [1.5, 5, 2.5, 6], "texture": "#16"},
				"south": {"uv": [0, 6, 1.5, 5], "texture": "#16"},
				"up": {"uv": [0, 6, 1.5, 5], "texture": "#16"},
				"down": {"uv": [0, 6, 1.5, 5], "texture": "#16"}
			},
			"to": [11.58272, 6.00621, 9.02374],
			"from": [8.51149, 3.95872, 6.97626],
			"rotation": {"angle": 0, "axis": "y", "origin": [7.99962, 4.98246, 8]}
		}
	],
	"display": {
		"head": {
			"translation": [0, 5.6, 0],
			"scale": [4, 4, 4],
			"rotation": [0, 0, 0]
		}
	}
}