{
	"__credit": "Generated using Animated Java (https://animated-java.dev/)",
	"textures": {
		"0": "minecraft:fnaf/bonnie/default",
		"14": "minecraft:fnaf/bonnie/old",
		"16": "minecraft:fnaf/bonnie/plus"
	},
	"elements": [
		{
			"faces": {
				"north": {"uv": [0, 10.25, 1, 11.75], "texture": "#14"},
				"east": {"uv": [3, 10.25, 4, 11.75], "texture": "#14"},
				"south": {"uv": [2, 10.25, 3, 11.75], "texture": "#14"},
				"west": {"uv": [1, 10.25, 2, 11.75], "texture": "#14"},
				"up": {"uv": [4, 10.25, 5, 11.25], "texture": "#14"},
				"down": {"uv": [5, 10.25, 6, 11.25], "texture": "#14"}
			},
			"to": [9.03962, 5, 9.02374],
			"from": [6.99213, 1.92877, 6.97626],
			"rotation": {"angle": 0, "axis": "y", "origin": [8.01587, 5, 8]}
		},
		{
			"faces": {
				"north": {"uv": [8, 5.5, 9.5, 6], "rotation": 90, "texture": "#14"},
				"east": {"uv": [8, 5.5, 9.5, 6], "rotation": 90, "texture": "#14"},
				"south": {"uv": [8, 5.5, 9.5, 6], "rotation": 90, "texture": "#14"},
				"west": {"uv": [8, 5.5, 9.5, 6], "rotation": 90, "texture": "#14"},
				"up": {"uv": [8, 5.5, 9.5, 6], "rotation": 90, "texture": "#14"},
				"down": {"uv": [8, 5.5, 9.5, 6], "rotation": 90, "texture": "#14"}
			},
			"to": [8.52774, 5, 8.51187],
			"from": [7.504, 1.92877, 7.48813],
			"rotation": {"angle": 0, "axis": "y", "origin": [8.01587, 1.92877, 8]}
		},
		{
			"faces": {
				"north": {"uv": [0.5, 4.75, 0, 3.75], "rotation": 90, "texture": "#14"},
				"east": {"uv": [0.5, 4, 0, 3.75], "rotation": 90, "texture": "#14"},
				"south": {"uv": [0.5, 4.75, 0, 3.75], "rotation": 90, "texture": "#14"},
				"west": {"uv": [0.5, 4.75, 0, 4.5], "rotation": 90, "texture": "#14"},
				"up": {"uv": [0.25, 3.75, 0.5, 4.75], "rotation": 90, "texture": "#14"},
				"down": {"uv": [0.25, 3.75, 0, 4.75], "rotation": 90, "texture": "#14"}
			},
			"to": [9.03962, 2.44064, 6.97626],
			"from": [6.99213, 1.4169, 6.46438],
			"rotation": {"angle": 0, "axis": "y", "origin": [8.01587, 5, 8]}
		},
		{
			"faces": {
				"north": {"uv": [3, 10, 4, 10.75], "texture": "#0"},
				"east": {"uv": [3, 10, 3.25, 10.75], "texture": "#0"},
				"south": {"uv": [3, 10, 4, 10.75], "texture": "#0"},
				"west": {"uv": [3.75, 10, 4, 10.75], "texture": "#0"},
				"up": {"uv": [4, 10, 3, 10.25], "texture": "#0"},
				"down": {"uv": [4, 10.5, 3, 10.75], "texture": "#0"}
			},
			"to": [9.03962, 2.44064, 6.97626],
			"from": [6.99213, 0.90502, 6.46438],
			"rotation": {"angle": 0, "axis": "y", "origin": [2.38528, 6.02374, 3.39315]}
		},
		{
			"faces": {
				"north": {"uv": [0, 13, 1, 14.5], "rotation": 180, "texture": "#0"},
				"east": {"uv": [0, 13, 1, 14.5], "texture": "#0"},
				"south": {"uv": [0, 13, 1, 14.5], "texture": "#0"},
				"west": {"uv": [0, 13, 1, 14.5], "texture": "#0"},
				"up": {"uv": [0, 12, 1, 13], "texture": "#0"},
				"down": {"uv": [0, 12, 1, 13], "texture": "#0"}
			},
			"to": [9.03962, 5, 9.02374],
			"from": [6.99213, 1.92877, 6.97626],
			"rotation": {"angle": 0, "axis": "y", "origin": [3.40902, 3.46438, 8]}
		},
		{
			"faces": {
				"north": {"uv": [0, 9, 1, 10.5], "texture": "#16"},
				"east": {"uv": [0, 9, 1, 10.5], "texture": "#16"},
				"south": {"uv": [0, 9, 1, 10.5], "texture": "#16"},
				"west": {"uv": [0, 9, 1, 10.5], "texture": "#16"},
				"up": {"uv": [1, 9, 2, 10], "texture": "#16"},
				"down": {"uv": [1, 9, 2, 10], "texture": "#16"}
			},
			"to": [9.03962, 5, 9.02374],
			"from": [6.99213, 1.92877, 6.97626],
			"rotation": {"angle": 0, "axis": "y", "origin": [5.45651, 5, 8]}
		}
	],
	"display": {
		"head": {
			"translation": [0, 5.6, 0],
			"scale": [4, 4, 4],
			"rotation": [0, 0, 0]
		}
	}
}