{
	"__credit": "Generated using Animated Java (https://animated-java.dev/)",
	"textures": {
		"0": "minecraft:fnaf/bonnie/default",
		"14": "minecraft:fnaf/bonnie/old",
		"16": "minecraft:fnaf/bonnie/plus"
	},
	"elements": [
		{
			"faces": {
				"north": {"uv": [5.5, 10, 6.5, 10.5], "texture": "#0"},
				"east": {"uv": [4, 10, 5.5, 10.5], "texture": "#0"},
				"south": {"uv": [4.5, 10, 5.5, 10.5], "texture": "#0"},
				"west": {"uv": [4, 10, 5.5, 10.5], "texture": "#0"},
				"up": {"uv": [5.5, 8.5, 6.5, 10], "texture": "#0"},
				"down": {"uv": [4.5, 8.5, 5.5, 9.75], "texture": "#0"}
			},
			"to": [9.03962, 1.93754, 9.02374],
			"from": [6.99213, 0.91379, 5.95251],
			"rotation": {"angle": 0, "axis": "y", "origin": [2.38528, 9.10374, 3.39315]}
		},
		{
			"faces": {
				"north": {"uv": [0, 13, 1, 14.5], "rotation": 180, "texture": "#0"},
				"east": {"uv": [0, 13, 1, 14.5], "texture": "#0"},
				"south": {"uv": [0, 13, 1, 14.5], "texture": "#0"},
				"west": {"uv": [0, 13, 1, 14.5], "texture": "#0"},
				"up": {"uv": [0, 12, 1, 13], "texture": "#0"},
				"down": {"uv": [0, 12, 1, 13], "texture": "#0"}
			},
			"to": [9.03962, 5.00877, 9.02374],
			"from": [6.99213, 1.93754, 6.97626],
			"rotation": {"angle": 0, "axis": "y", "origin": [3.40902, 6.54438, 8]}
		},
		{
			"faces": {
				"north": {"uv": [2, 15, 3.25, 15.5], "texture": "#14"},
				"east": {"uv": [0, 15, 2, 15.5], "texture": "#14"},
				"south": {"uv": [2, 15.5, 3.25, 16], "texture": "#14"},
				"west": {"uv": [0, 15.5, 2, 16], "texture": "#14"},
				"up": {"uv": [0, 13, 1.25, 15], "texture": "#14"},
				"down": {"uv": [1.25, 13, 2.5, 15], "texture": "#14"}
			},
			"to": [9.29555, 1.93754, 9.02374],
			"from": [6.73619, 0.91379, 4.92877],
			"rotation": {"angle": 0, "axis": "y", "origin": [6.73619, 0.91379, 7.48813]}
		},
		{
			"faces": {
				"north": {"uv": [0, 11.75, 1, 13], "texture": "#14"},
				"east": {"uv": [3, 11.75, 4, 13], "texture": "#14"},
				"south": {"uv": [2, 11.75, 3, 13], "texture": "#14"},
				"west": {"uv": [1, 11.75, 2, 13], "texture": "#14"},
				"up": {"uv": [4, 11.75, 5, 12.75], "texture": "#14"},
				"down": {"uv": [5, 11.75, 6, 12.75], "texture": "#14"}
			},
			"to": [9.03962, 4.4969, 9.02374],
			"from": [6.99213, 1.93754, 6.97626],
			"rotation": {"angle": 0, "axis": "y", "origin": [8.01587, 8.08, 8]}
		},
		{
			"faces": {
				"north": {"uv": [8, 5.5, 9.5, 6], "rotation": 90, "texture": "#14"},
				"east": {"uv": [8, 5.5, 9.5, 6], "rotation": 90, "texture": "#14"},
				"south": {"uv": [8, 5.5, 9.5, 6], "rotation": 90, "texture": "#14"},
				"west": {"uv": [8, 5.5, 9.5, 6], "rotation": 90, "texture": "#14"},
				"up": {"uv": [8, 5.5, 9.5, 6], "rotation": 90, "texture": "#14"},
				"down": {"uv": [8, 5.5, 9.5, 6], "rotation": 90, "texture": "#14"}
			},
			"to": [8.52774, 5.00877, 8.51187],
			"from": [7.504, 1.93754, 7.48813],
			"rotation": {"angle": 0, "axis": "y", "origin": [8.01587, 5.00877, 8]}
		},
		{
			"faces": {
				"north": {"uv": [2, 15, 3.25, 15.5], "texture": "#16"},
				"east": {"uv": [0, 15, 2, 15.5], "texture": "#16"},
				"south": {"uv": [2, 15.5, 3.25, 16], "texture": "#16"},
				"west": {"uv": [0, 15.5, 2, 16], "texture": "#16"},
				"up": {"uv": [0, 13, 1.25, 15], "texture": "#16"},
				"down": {"uv": [1.25, 13, 2.5, 15], "texture": "#16"}
			},
			"to": [9.29555, 1.93754, 9.02374],
			"from": [6.73619, 0.91379, 4.92877],
			"rotation": {"angle": 0, "axis": "y", "origin": [6.73619, 0.91379, 7.48813]}
		},
		{
			"faces": {
				"north": {"uv": [0, 10.5, 1, 12], "texture": "#16"},
				"east": {"uv": [0, 10.5, 1, 12], "texture": "#16"},
				"south": {"uv": [0, 10.5, 1, 12], "texture": "#16"},
				"west": {"uv": [0, 10.5, 1, 12], "texture": "#16"},
				"up": {"uv": [1, 10.5, 2, 11.5], "texture": "#16"},
				"down": {"uv": [1, 10.5, 2, 11.5], "texture": "#16"}
			},
			"to": [9.03962, 5.00877, 9.02374],
			"from": [6.99213, 1.93754, 6.97626],
			"rotation": {"angle": 0, "axis": "y", "origin": [8.01587, 5.00877, 8]}
		}
	],
	"display": {
		"head": {
			"translation": [0, 5.6, 0],
			"scale": [4, 4, 4],
			"rotation": [0, 0, 0]
		}
	}
}