{
	"__credit": "Generated using Animated Java (https://animated-java.dev/)",
	"textures": {
		"0": "minecraft:fnaf/bonnie/default",
		"14": "minecraft:fnaf/bonnie/old",
		"16": "minecraft:fnaf/bonnie/plus"
	},
	"elements": [
		{
			"faces": {
				"north": {"uv": [0, 13, 1, 14.5], "rotation": 90, "texture": "#0"},
				"east": {"uv": [0, 12, 1, 13], "rotation": 90, "texture": "#0"},
				"south": {"uv": [0, 13, 1, 14.5], "rotation": 90, "texture": "#0"},
				"west": {"uv": [0, 12, 1, 13], "rotation": 90, "texture": "#0"},
				"up": {"uv": [0, 13, 1, 14.5], "rotation": 90, "texture": "#0"},
				"down": {"uv": [0, 13, 1, 14.5], "rotation": 90, "texture": "#0"}
			},
			"to": [11.05395, 6.00621, 9.02374],
			"from": [7.98272, 3.95872, 6.97626],
			"rotation": {"angle": 0, "axis": "y", "origin": [0.30464, 4.98246, 8]}
		},
		{
			"faces": {
				"north": {"uv": [1, 10, 0, 11], "texture": "#0"},
				"east": {"uv": [2, 10, 1, 11], "texture": "#0"},
				"south": {"uv": [3, 10, 2, 11], "texture": "#0"},
				"west": {"uv": [1, 12, 0, 13], "texture": "#0"},
				"up": {"uv": [1, 11, 0, 12], "texture": "#0"},
				"down": {"uv": [2, 11, 1, 12], "texture": "#0"}
			},
			"to": [13.10144, 6.00621, 9.02374],
			"from": [11.05395, 3.95872, 6.97626],
			"rotation": {"angle": 0, "axis": "y", "origin": [3.37587, 4.98246, 8]}
		},
		{
			"faces": {
				"north": {"uv": [0, 6.5, 1.5, 7.5], "texture": "#14"},
				"east": {"uv": [7, 6.5, 8, 7.5], "texture": "#14"},
				"south": {"uv": [3, 6.5, 4.5, 7.5], "texture": "#14"},
				"west": {"uv": [6, 6.5, 7, 7.5], "texture": "#14"},
				"up": {"uv": [1.5, 6.5, 3, 7.5], "texture": "#14"},
				"down": {"uv": [4.5, 6.5, 6, 7.5], "texture": "#14"}
			},
			"to": [11.05395, 6.00621, 9.02374],
			"from": [7.98272, 3.95872, 6.97626],
			"rotation": {"angle": 0, "axis": "y", "origin": [4.39962, 4.98246, 8]}
		},
		{
			"faces": {
				"north": {"uv": [8, 5.5, 9.5, 6], "texture": "#14"},
				"east": {"uv": [11, 5.5, 11.5, 6], "texture": "#14"},
				"south": {"uv": [9.5, 5.5, 8, 6], "texture": "#14"},
				"west": {"uv": [11, 5.5, 11.5, 6], "texture": "#14"},
				"up": {"uv": [9.5, 5.5, 8, 6], "texture": "#14"},
				"down": {"uv": [9.5, 5.5, 8, 6], "texture": "#14"}
			},
			"to": [11.05395, 5.49434, 8.51187],
			"from": [7.98272, 4.47059, 7.48813],
			"rotation": {"angle": 0, "axis": "y", "origin": [4.39962, 4.98246, 8]}
		},
		{
			"faces": {
				"north": {"uv": [10.5, 6.5, 9.5, 7], "texture": "#14"},
				"east": {"uv": [10.5, 5.5, 10, 6.5], "rotation": 90, "texture": "#14"},
				"south": {"uv": [9.5, 6.5, 10.5, 7], "texture": "#14"},
				"west": {"uv": [9.5, 5.5, 10.5, 6.5], "texture": "#14"},
				"up": {"uv": [9.5, 5.5, 10.5, 6.5], "texture": "#14"},
				"down": {"uv": [9.5, 8, 10.5, 7], "texture": "#14"}
			},
			"to": [13.10144, 5.49434, 9.02374],
			"from": [11.05395, 4.47059, 6.97626],
			"rotation": {"angle": 0, "axis": "y", "origin": [4.39962, 4.98246, 8]}
		},
		{
			"faces": {
				"north": {"uv": [0.75, 4.5, 2.25, 5], "texture": "#16"},
				"east": {"uv": [3, 4.5, 2.5, 5], "texture": "#16"},
				"south": {"uv": [2.25, 5, 0.75, 4.5], "texture": "#16"},
				"west": {"uv": [0.5, 4.5, 0, 5], "texture": "#16"},
				"up": {"uv": [2.25, 4.5, 0.75, 5], "texture": "#16"},
				"down": {"uv": [2.25, 4.5, 0.75, 5], "texture": "#16"}
			},
			"to": [11.05395, 5.49434, 8.51187],
			"from": [7.98784, 4.47059, 7.48813],
			"rotation": {"angle": 0, "axis": "y", "origin": [4.39962, 2.93498, 8]}
		},
		{
			"faces": {
				"north": {"uv": [0, 7, 1.25, 6], "texture": "#16"},
				"south": {"uv": [0, 7, 1.25, 6], "texture": "#16"},
				"west": {"uv": [1.25, 6, 2.25, 7], "texture": "#16"},
				"up": {"uv": [0, 7, 1.25, 6], "texture": "#16"},
				"down": {"uv": [0, 7, 1.25, 6], "texture": "#16"}
			},
			"to": [10.54208, 6.00621, 9.02374],
			"from": [7.98272, 3.95872, 6.97626],
			"rotation": {"angle": 0, "axis": "y", "origin": [4.39962, 4.98246, 8]}
		},
		{
			"faces": {
				"north": {"uv": [2, 8, 1, 9], "texture": "#16"},
				"east": {"uv": [2, 8, 3, 9], "texture": "#16"},
				"south": {"uv": [4, 8, 3, 9], "texture": "#16"},
				"west": {"uv": [0, 8, 1, 9], "texture": "#16"},
				"up": {"uv": [2, 7, 1, 8], "texture": "#16"},
				"down": {"uv": [3, 7, 2, 8], "texture": "#16"}
			},
			"to": [13.10144, 6.00621, 9.02374],
			"from": [11.05395, 3.95872, 6.97626],
			"rotation": {"angle": 0, "axis": "y", "origin": [4.39962, 4.98246, 8]}
		}
	],
	"display": {
		"head": {
			"translation": [0, 5.6, 0],
			"scale": [4, 4, 4],
			"rotation": [0, 0, 0]
		}
	}
}