{
	"__credit": "Generated using Animated Java (https://animated-java.dev/)",
	"textures": {
		"0": "minecraft:fnaf/bonnie/default",
		"14": "minecraft:fnaf/bonnie/old",
		"16": "minecraft:fnaf/bonnie/plus"
	},
	"elements": [
		{
			"faces": {
				"north": {"uv": [0, 15.75, 0.25, 16], "texture": "#0"},
				"east": {"uv": [0, 15.75, 0.25, 16], "texture": "#0"},
				"south": {"uv": [0, 15.75, 0.25, 16], "texture": "#0"},
				"west": {"uv": [0, 15.75, 0.25, 16], "texture": "#0"},
				"up": {"uv": [0, 15.75, 0.25, 16], "texture": "#0"},
				"down": {"uv": [0, 15.75, 0.25, 16], "texture": "#0"}
			},
			"to": [8.25587, 5.28493, 8.19187],
			"from": [7.744, 4.77306, 7.68],
			"rotation": {"angle": 0, "axis": "y", "origin": [5.18464, -0.85754, 7.68]}
		},
		{
			"faces": {
				"north": {"uv": [8.75, 0, 9.5, 1.25], "texture": "#0"},
				"east": {"uv": [8.75, 0, 9, 1.25], "texture": "#0"},
				"south": {"uv": [9.5, 0, 10.25, 1.25], "texture": "#0"},
				"west": {"uv": [9.25, 0, 9.5, 1.25], "texture": "#0"},
				"up": {"uv": [8.75, 0, 9.5, 0.25], "texture": "#0"},
				"down": {"uv": [8.75, 1, 9.5, 1.25], "texture": "#0"}
			},
			"to": [8.76774, 7.84429, 8.19187],
			"from": [7.23213, 5.28493, 7.68],
			"rotation": {"angle": 0, "axis": "y", "origin": [6.72026, 0.67808, 7.68]}
		},
		{
			"faces": {
				"north": {"uv": [8, 1, 8.75, 2.25], "texture": "#14"},
				"east": {"uv": [8, 1, 8.25, 2.25], "texture": "#14"},
				"south": {"uv": [8.75, 1, 9.5, 2.25], "texture": "#14"},
				"west": {"uv": [8.5, 1, 8.75, 2.25], "texture": "#14"},
				"up": {"uv": [8, 1, 8.75, 1.25], "texture": "#14"},
				"down": {"uv": [8, 2, 8.75, 2.25], "texture": "#14"}
			},
			"to": [8.76774, 7.84429, 8.19187],
			"from": [7.23213, 5.28493, 7.68],
			"rotation": {"angle": 0, "axis": "y", "origin": [7.99994, 4.77306, 7.93594]}
		},
		{
			"faces": {
				"north": {"uv": [1.5, 1.25, 1.75, 1.5], "texture": "#14"},
				"east": {"uv": [1.5, 1.25, 1.75, 1.5], "texture": "#14"},
				"south": {"uv": [1.5, 1.25, 1.75, 1.5], "texture": "#14"},
				"west": {"uv": [1.5, 1.25, 1.75, 1.5], "texture": "#14"},
				"up": {"uv": [1.5, 1.25, 1.75, 1.5], "texture": "#14"},
				"down": {"uv": [1.5, 1.25, 1.75, 1.5], "texture": "#14"}
			},
			"to": [8.25587, 5.28493, 8.19187],
			"from": [7.744, 4.77306, 7.68],
			"rotation": {"angle": 0, "axis": "y", "origin": [9.02368, 1.18995, 8.19187]}
		},
		{
			"faces": {
				"north": {"uv": [14, 2.25, 14.25, 2.5], "texture": "#16"},
				"east": {"uv": [14, 2.25, 14.25, 2.5], "texture": "#16"},
				"south": {"uv": [14, 2.25, 14.25, 2.5], "texture": "#16"},
				"west": {"uv": [14, 2.25, 14.25, 2.5], "texture": "#16"},
				"up": {"uv": [14, 2.25, 14.25, 2.5], "texture": "#16"},
				"down": {"uv": [14, 2.25, 14.25, 2.5], "texture": "#16"}
			},
			"to": [8.25587, 5.28493, 8.19187],
			"from": [7.744, 4.77306, 7.68],
			"rotation": {"angle": 0, "axis": "y", "origin": [5.95245, 4.77306, 7.93594]}
		},
		{
			"faces": {
				"north": {"uv": [13.75, 1, 14.5, 2.25], "texture": "#16"},
				"east": {"uv": [13.75, 1, 14, 2.25], "texture": "#16"},
				"south": {"uv": [14.5, 1, 15.25, 2.25], "texture": "#16"},
				"west": {"uv": [14.25, 1, 14.5, 2.25], "texture": "#16"},
				"up": {"uv": [14.5, 1, 15.25, 1.25], "texture": "#16"},
				"down": {"uv": [13.75, 2, 14.5, 2.25], "texture": "#16"}
			},
			"to": [8.76774, 7.84429, 8.19187],
			"from": [7.23213, 5.28493, 7.68],
			"rotation": {"angle": 0, "axis": "y", "origin": [5.95245, 4.77306, 7.93594]}
		}
	],
	"display": {
		"head": {
			"translation": [0, 5.6, 0],
			"scale": [4, 4, 4],
			"rotation": [0, 0, 0]
		}
	}
}