{
	"credit": "Made with Blockbench",
	"texture_size": [64, 64],
	"textures": {
		"0": "fnaf/props/office_cabinets",
		"1": "fnaf/props/garbage",
		"2": "fnaf/props/office_cabinets_alt",
		"particle": "fnaf/props/office_cabinets"
	},
	"elements": [
		{
			"from": [0, -16, 8],
			"to": [10, 24, 20],
			"faces": {
				"east": {"uv": [0, 0, 3, 10], "texture": "#0"},
				"up": {"uv": [3, 12.5, 0, 10], "rotation": 90, "texture": "#0"}
			}
		},
		{
			"from": [0, -16, 20],
			"to": [10, 24, 32],
			"faces": {
				"east": {"uv": [0, 0, 3, 10], "texture": "#0"},
				"south": {"uv": [6, 0, 8.5, 10], "texture": "#0"},
				"up": {"uv": [3, 12.5, 0, 10], "rotation": 90, "texture": "#0"}
			}
		},
		{
			"from": [0, -16, -16],
			"to": [10, 24, -4],
			"faces": {
				"north": {"uv": [8.5, 0, 11, 10], "texture": "#0"},
				"east": {"uv": [0, 0, 3, 10], "texture": "#0"},
				"up": {"uv": [3, 12.5, 0, 10], "rotation": 90, "texture": "#0"}
			}
		},
		{
			"from": [0, -16, -4],
			"to": [10, 24, 8],
			"faces": {
				"east": {"uv": [0, 0, 3, 10], "texture": "#0"},
				"up": {"uv": [3, 12.5, 0, 10], "rotation": 90, "texture": "#0"}
			}
		},
		{
			"from": [10.1, 8, 1],
			"to": [10.1, 13, 8],
			"rotation": {"angle": 22.5, "axis": "x", "origin": [0, 0, 0]},
			"faces": {
				"north": {"uv": [0, 0, 0, 1], "texture": "#0"},
				"east": {"uv": [3, 10.25, 4.5, 11.25], "texture": "#0"},
				"south": {"uv": [0, 0, 0, 1], "texture": "#0"},
				"up": {"uv": [0, 0, 0, 1.5], "texture": "#0"},
				"down": {"uv": [0, 0, 0, 1.5], "texture": "#0"}
			}
		},
		{
			"from": [10.2, 9.2, 1.1],
			"to": [10.2, 11.7, 7.9],
			"rotation": {"angle": 22.5, "axis": "x", "origin": [0, 0, 0]},
			"faces": {
				"north": {"uv": [0, 0, 0, 1], "texture": "#2"},
				"east": {"uv": [1.75, 9.75, 14.25, 14.25], "texture": "#2"},
				"south": {"uv": [0, 0, 0, 1], "texture": "#2"},
				"west": {"uv": [0, 0, 0, 0], "texture": "#2"},
				"up": {"uv": [0, 0, 0, 1.5], "texture": "#2"},
				"down": {"uv": [0, 0, 0, 1.5], "texture": "#2"}
			}
		},
		{
			"from": [9.4, 12.5, 4],
			"to": [10.4, 13.5, 5],
			"rotation": {"angle": 22.5, "axis": "x", "origin": [0, 0, 0]},
			"faces": {
				"north": {"uv": [3, 10, 3.25, 10.25], "texture": "#0"},
				"east": {"uv": [3, 10, 3.25, 10.25], "texture": "#0"},
				"south": {"uv": [3, 10, 3.25, 10.25], "texture": "#0"},
				"up": {"uv": [3, 10, 3.25, 10.25], "texture": "#0"},
				"down": {"uv": [3, 10, 3.25, 10.25], "texture": "#0"}
			}
		},
		{
			"from": [11, -16, 20],
			"to": [14, -10, 23],
			"rotation": {"angle": 0, "axis": "y", "origin": [12, -14, 21]},
			"faces": {
				"north": {"uv": [0, 12.5, 1.5, 15.5], "texture": "#1"},
				"east": {"uv": [0, 12.5, 1.5, 15.5], "texture": "#1"},
				"south": {"uv": [0, 12.5, 1.5, 15.5], "texture": "#1"},
				"up": {"uv": [0, 11, 1.5, 12.5], "texture": "#1"}
			}
		},
		{
			"from": [12, -10.48031, 19.62359],
			"to": [13, -7.48031, 20.62359],
			"rotation": {"angle": 22.5, "axis": "x", "origin": [12, -14, 21]},
			"faces": {
				"north": {"uv": [1.5, 14, 2, 15.5], "texture": "#1"},
				"east": {"uv": [1.5, 14, 2, 15.5], "texture": "#1"},
				"south": {"uv": [1.5, 14, 2, 15.5], "texture": "#1"},
				"up": {"uv": [1.5, 13.5, 2, 14], "texture": "#1"}
			}
		},
		{
			"from": [7, 28.51969, -12.62359],
			"to": [8, 31.51969, -11.62359],
			"rotation": {"angle": -22.5, "axis": "x", "origin": [7, 25, -13]},
			"faces": {
				"north": {"uv": [2, 14, 1.5, 15.5], "texture": "#1"},
				"east": {"uv": [2, 14, 1.5, 15.5], "texture": "#1"},
				"south": {"uv": [2, 14, 1.5, 15.5], "texture": "#1"},
				"up": {"uv": [1.5, 14, 2, 13.5], "texture": "#1"}
			}
		},
		{
			"from": [6, 24, -15],
			"to": [9, 30, -12],
			"rotation": {"angle": 0, "axis": "y", "origin": [7, 25, -13]},
			"faces": {
				"north": {"uv": [1.5, 12.5, 0, 15.5], "texture": "#1"},
				"east": {"uv": [1.5, 12.5, 0, 15.5], "texture": "#1"},
				"south": {"uv": [1.5, 12.5, 0, 15.5], "texture": "#1"},
				"up": {"uv": [0, 12.5, 1.5, 11], "texture": "#1"}
			}
		},
		{
			"from": [10.1, -5.5, 26.7],
			"to": [10.1, 0.5, 30.7],
			"rotation": {"angle": 0, "axis": "y", "origin": [-0.9, 0, 0]},
			"faces": {
				"north": {"uv": [12, 12, 16, 6], "texture": "#1"},
				"east": {"uv": [12, 12, 16, 6], "texture": "#1"},
				"south": {"uv": [12, 12, 16, 6], "texture": "#1"},
				"up": {"uv": [12, 12, 16, 6], "rotation": 90, "texture": "#1"},
				"down": {"uv": [12, 12, 16, 6], "rotation": 270, "texture": "#1"}
			}
		},
		{
			"from": [10, -16, -15],
			"to": [13, -13, -12],
			"rotation": {"angle": 0, "axis": "y", "origin": [0, 0, 15]},
			"faces": {
				"north": {"uv": [1.5, 4, 3, 5.5], "texture": "#1"},
				"east": {"uv": [0, 4, 1.5, 5.5], "texture": "#1"},
				"south": {"uv": [4.5, 4, 6, 5.5], "texture": "#1"},
				"up": {"uv": [3, 4, 4.5, 5.5], "texture": "#1"}
			}
		},
		{
			"from": [5, 24, 8],
			"to": [8, 27, 11],
			"rotation": {"angle": 0, "axis": "y", "origin": [0, 0, 15]},
			"faces": {
				"north": {"uv": [1.5, 4, 3, 5.5], "texture": "#1"},
				"east": {"uv": [0, 4, 1.5, 5.5], "texture": "#1"},
				"south": {"uv": [4.5, 4, 6, 5.5], "texture": "#1"},
				"up": {"uv": [3, 4, 4.5, 5.5], "texture": "#1"}
			}
		},
		{
			"from": [10.1, 24, 9.8],
			"to": [10.1, 30, 13.8],
			"rotation": {"angle": 22.5, "axis": "x", "origin": [-0.9, 0, 0]},
			"faces": {
				"north": {"uv": [12, 0, 16, 6], "texture": "#1"},
				"east": {"uv": [12, 0, 16, 6], "texture": "#1"},
				"south": {"uv": [12, 0, 16, 6], "texture": "#1"},
				"up": {"uv": [12, 0, 16, 6], "rotation": 90, "texture": "#1"},
				"down": {"uv": [12, 0, 16, 6], "rotation": 270, "texture": "#1"}
			}
		}
	],
	"display": {
		"fixed": {
			"rotation": [0, -180, 0],
			"translation": [0, 0, -16.25],
			"scale": [2, 2, 2]
		}
	}
}