{
	"credit": "Made with Blockbench",
	"parent": "block/block",
	"textures": {
		"2": "fnaf/props/pirate_cove_sign_text",
		"particle": "block/cobblestone"
	},
	"elements": [
		{
			"from": [2, 2, 8],
			"to": [13, 8, 8],
			"faces": {
				"north": {"uv": [0, 0, 11, 6], "texture": "#2"},
				"east": {"uv": [0, 6, 1, 12], "texture": "#2"},
				"west": {"uv": [10, 6, 11, 12], "texture": "#2"},
				"up": {"uv": [0, 6, 11, 7], "rotation": 180, "texture": "#2"},
				"down": {"uv": [0, 11, 11, 12], "rotation": 180, "texture": "#2"}
			}
		}
	],
	"display": {
		"thirdperson_lefthand": {
			"rotation": [75, -135, 0],
			"translation": [0, 2.5, 0],
			"scale": [0.375, 0.375, 0.375]
		},
		"gui": {
			"rotation": [30, 135, 0],
			"scale": [0.625, 0.625, 0.625]
		},
		"head": {
			"rotation": [0, -90, 0]
		},
		"fixed": {
			"translation": [2, 0, -14.25],
			"scale": [2, 2, 2]
		}
	}
}