{
	"credit": "Made with Blockbench",
	"parent": "block/block",
	"textures": {
		"0": "block/cobblestone",
		"1": "fnaf/props/pirate_cove_sign",
		"particle": "block/cobblestone"
	},
	"elements": [
		{
			"from": [0, -16, 0],
			"to": [16, -8, 8],
			"faces": {
				"north": {"uv": [0, 0, 16, 8], "texture": "#0"},
				"east": {"uv": [0, 0, 8, 8], "texture": "#0"},
				"south": {"uv": [0, 0, 16, 8], "texture": "#0"},
				"west": {"uv": [0, 0, 8, 8], "texture": "#0"},
				"up": {"uv": [0, 0, 16, 8], "texture": "#0"},
				"down": {"uv": [0, 0, 16, 8], "texture": "#0"}
			}
		},
		{
			"from": [7, -8, 6],
			"to": [8, 2, 7],
			"faces": {
				"north": {"uv": [7, 6, 8, 16], "texture": "#1"},
				"east": {"uv": [7, 6, 8, 16], "texture": "#1"},
				"south": {"uv": [7, 6, 8, 16], "texture": "#1"},
				"west": {"uv": [7, 6, 8, 16], "texture": "#1"}
			}
		},
		{
			"from": [2, 2, 6],
			"to": [13, 8, 7],
			"faces": {
				"north": {"uv": [2, 0, 13, 6], "texture": "#1"},
				"east": {"uv": [12, 0, 13, 6], "texture": "#1"},
				"south": {"uv": [2, 0, 13, 6], "texture": "#1"},
				"west": {"uv": [2, 0, 3, 6], "texture": "#1"},
				"up": {"uv": [2, 0, 13, 1], "texture": "#1"},
				"down": {"uv": [2, 5, 13, 6], "texture": "#1"}
			}
		}
	],
	"display": {
		"thirdperson_lefthand": {
			"rotation": [75, -135, 0],
			"translation": [0, 2.5, 0],
			"scale": [0.375, 0.375, 0.375]
		},
		"gui": {
			"rotation": [30, 135, 0],
			"scale": [0.625, 0.625, 0.625]
		},
		"head": {
			"rotation": [0, -90, 0]
		}
	}
}