{
	"__credit": "Generated using Animated Java (https://animated-java.dev/)",
	"textures": {
		"0": "minecraft:fnaf/foxy",
		"10": "minecraft:fnaf/freddy_gameover"
	},
	"elements": [
		{
			"faces": {
				"north": {"uv": [1, 12.75, 1.5, 13.25], "texture": "#0"},
				"east": {"uv": [1, 12.75, 1.5, 13.25], "texture": "#0"},
				"south": {"uv": [1, 12.75, 1.5, 13.25], "texture": "#0"},
				"west": {"uv": [1, 12.75, 1.5, 13.25], "texture": "#0"},
				"up": {"uv": [1, 12.75, 1.5, 13.25], "texture": "#0"},
				"down": {"uv": [1, 12.75, 1.5, 13.25], "texture": "#0"}
			},
			"to": [8.5952, 12.80032, 8.6752],
			"from": [7.4048, 11.5504, 7.4848],
			"rotation": {"angle": 0, "axis": "y", "origin": [2.9408, 5.6944, 2.7232]}
		},
		{
			"faces": {
				"north": {"uv": [0, 12.75, 1.5, 13.25], "texture": "#0"},
				"east": {"uv": [0, 12.75, 0.5, 13.25], "texture": "#0"},
				"south": {"uv": [0, 12.75, 1.5, 13.25], "texture": "#0"},
				"west": {"uv": [1, 12.75, 1.5, 13.25], "texture": "#0"},
				"up": {"uv": [0, 12.75, 1.5, 13.25], "texture": "#0"},
				"down": {"uv": [0, 12.75, 1.5, 13.25], "texture": "#0"}
			},
			"to": [10.07168, 11.5504, 8.6752],
			"from": [5.92832, 10.36, 7.4848],
			"rotation": {"angle": 0, "axis": "y", "origin": [2.9408, 5.0992, 2.7232]}
		},
		{
			"faces": {
				"north": {"uv": [0, 15.5, 1.75, 16], "texture": "#0"},
				"east": {"uv": [0, 15.5, 0.5, 16], "texture": "#0"},
				"south": {"uv": [0, 15.5, 1.75, 16], "texture": "#0"},
				"west": {"uv": [1.25, 15.5, 1.75, 16], "texture": "#0"},
				"up": {"uv": [0, 15.5, 1.75, 16], "texture": "#0"},
				"down": {"uv": [0, 15.5, 1.75, 16], "texture": "#0"}
			},
			"to": [10.02368, 5.5312, 8.6752],
			"from": [5.97632, 4.40032, 7.4848],
			"rotation": {"angle": 0, "axis": "y", "origin": [2.9408, 5.0992, 2.7232]}
		},
		{
			"faces": {
				"north": {"uv": [1.75, 12.75, 2, 14.5], "texture": "#0"},
				"east": {"uv": [1.75, 12.75, 2, 14.5], "texture": "#0"},
				"south": {"uv": [1.75, 12.75, 2, 14.5], "texture": "#0"},
				"west": {"uv": [1.75, 12.75, 2, 14.5], "texture": "#0"},
				"up": {"uv": [1.75, 12.75, 2, 14.5], "texture": "#0"},
				"down": {"uv": [1.75, 12.75, 2, 14.5], "texture": "#0"}
			},
			"to": [7.04768, 10.57504, 8.3776],
			"from": [6.45248, 6.76576, 7.7824],
			"rotation": {"angle": 22.5, "axis": "z", "origin": [6.512, 9.2656, 7.7824]}
		},
		{
			"faces": {
				"north": {"uv": [1.75, 12.75, 2, 14.5], "texture": "#0"},
				"east": {"uv": [1.75, 12.75, 2, 14.5], "texture": "#0"},
				"south": {"uv": [1.75, 12.75, 2, 14.5], "texture": "#0"},
				"west": {"uv": [1.75, 12.75, 2, 14.5], "texture": "#0"},
				"up": {"uv": [1.75, 12.75, 2, 14.5], "texture": "#0"},
				"down": {"uv": [1.75, 12.75, 2, 14.5], "texture": "#0"}
			},
			"to": [9.488, 10.81312, 8.3776],
			"from": [8.8928, 7.00384, 7.7824],
			"rotation": {"angle": -22.5, "axis": "z", "origin": [8.8928, 9.2656, 7.7824]}
		},
		{
			"faces": {
				"north": {"uv": [0.5, 13.25, 1, 15.25], "texture": "#0"},
				"east": {"uv": [0.5, 13.25, 1, 15.25], "texture": "#0"},
				"south": {"uv": [0.5, 13.25, 1, 15.25], "texture": "#0"},
				"west": {"uv": [0.5, 13.25, 1, 15.25], "texture": "#0"},
				"up": {"uv": [0.5, 13.25, 1, 15.25], "texture": "#0"},
				"down": {"uv": [0.5, 13.25, 1, 15.25], "texture": "#0"}
			},
			"to": [8.5952, 10.408, 8.6752],
			"from": [7.4048, 5.5312, 7.4848],
			"rotation": {"angle": 0, "axis": "y", "origin": [2.9408, 5.0992, 2.7232]}
		},
		{
			"faces": {
				"north": {"uv": [0.5, 15.5, 1, 16], "texture": "#10"},
				"east": {"uv": [1, 14.5, 1.5, 15.5], "rotation": 90, "texture": "#10"},
				"south": {"uv": [1, 15.5, 1.5, 16], "texture": "#10"},
				"west": {"uv": [0, 14.5, 0.5, 15.5], "rotation": 90, "texture": "#10"},
				"up": {"uv": [0.5, 14.5, 1, 15.5], "texture": "#10"},
				"down": {"uv": [1.5, 15, 2, 16], "texture": "#10"}
			},
			"to": [5.8832, 12.7792, 8.9344],
			"from": [4.6736, 11.5696, 6.5152],
			"rotation": {"angle": 0, "axis": "y", "origin": [5.8832, 10.9648, 7.7248]}
		},
		{
			"faces": {
				"north": {"uv": [0.5, 15.5, 1, 16], "texture": "#10"},
				"east": {"uv": [1, 14.5, 1.5, 15.5], "rotation": 90, "texture": "#10"},
				"south": {"uv": [1, 15.5, 1.5, 16], "texture": "#10"},
				"west": {"uv": [0, 14.5, 0.5, 15.5], "rotation": 90, "texture": "#10"},
				"up": {"uv": [0.5, 14.5, 1, 15.5], "texture": "#10"},
				"down": {"uv": [1.5, 15, 2, 16], "texture": "#10"}
			},
			"to": [11.3264, 12.7792, 8.9344],
			"from": [10.1168, 11.5696, 6.5152],
			"rotation": {"angle": 0, "axis": "y", "origin": [5.8832, 10.9648, 7.7248]}
		},
		{
			"faces": {
				"north": {"uv": [14.75, 14, 15, 14.25], "texture": "#10"},
				"east": {"uv": [14.75, 14, 15, 14.25], "texture": "#10"},
				"south": {"uv": [14.75, 14, 15, 14.25], "texture": "#10"},
				"west": {"uv": [14.75, 14, 15, 14.25], "texture": "#10"},
				"up": {"uv": [14.75, 14, 15, 14.25], "texture": "#10"},
				"down": {"uv": [14.75, 14, 15, 14.25], "texture": "#10"}
			},
			"to": [8.3024, 11.5696, 5.9104],
			"from": [7.6976, 10.9648, 5.3056],
			"rotation": {"angle": 0, "axis": "y", "origin": [2.8592, 4.9168, 2.2816]}
		},
		{
			"faces": {
				"north": {"uv": [15.25, 13.75, 15.75, 14.5], "texture": "#10"},
				"east": {"uv": [15, 13.75, 15.25, 14.5], "texture": "#10"},
				"south": {"uv": [0, 0, 0, 0], "texture": "#10"},
				"west": {"uv": [15.75, 13.75, 16, 14.5], "texture": "#10"},
				"up": {"uv": [15.25, 13.5, 15.75, 13.75], "texture": "#10"},
				"down": {"uv": [15.25, 14.5, 15.75, 14.75], "texture": "#10"}
			},
			"to": [7.6976, 12.1744, 5.9104],
			"from": [6.488, 10.36, 5.3056],
			"rotation": {"angle": 0, "axis": "y", "origin": [2.8592, 4.9168, 2.2816]}
		},
		{
			"faces": {
				"north": {"uv": [14, 13.75, 14.5, 14.5], "texture": "#10"},
				"east": {"uv": [13.75, 13.75, 14, 14.5], "texture": "#10"},
				"south": {"uv": [0, 0, 0, 0], "texture": "#10"},
				"west": {"uv": [14.5, 13.75, 14.75, 14.5], "texture": "#10"},
				"up": {"uv": [14, 13.5, 14.5, 13.75], "texture": "#10"},
				"down": {"uv": [14, 14.5, 14.5, 14.75], "texture": "#10"}
			},
			"to": [9.512, 12.1744, 5.9104],
			"from": [8.3024, 10.36, 5.3056],
			"rotation": {"angle": 0, "axis": "y", "origin": [2.8592, 4.9168, 2.2816]}
		},
		{
			"faces": {
				"north": {"uv": [11.5, 5.75, 12.75, 6], "texture": "#10"},
				"east": {"uv": [11.5, 5.75, 12.75, 6], "texture": "#10"},
				"south": {"uv": [11.5, 5.75, 12.75, 6], "texture": "#10"},
				"west": {"uv": [11.5, 5.75, 12.75, 6], "texture": "#10"},
				"up": {"uv": [11.5, 5.75, 12.75, 6], "texture": "#10"},
				"down": {"uv": [11.5, 5.75, 12.75, 6], "texture": "#10"}
			},
			"to": [9.512, 10.36, 5.9104],
			"from": [6.488, 9.7552, 5.3056],
			"rotation": {"angle": 0, "axis": "y", "origin": [2.8592, 4.9168, 2.2816]}
		},
		{
			"faces": {
				"north": {"uv": [10.25, 6.5, 12, 8.5], "texture": "#10"},
				"east": {"uv": [9.75, 6.5, 10.25, 8.5], "texture": "#10"},
				"south": {"uv": [0, 0, 0, 0], "texture": "#10"},
				"west": {"uv": [12, 6.5, 12.5, 8.5], "texture": "#10"},
				"up": {"uv": [10.75, 6, 12.5, 6.5], "texture": "#10"},
				"down": {"uv": [9, 6, 10.75, 6.5], "texture": "#10"}
			},
			"to": [10.1168, 9.7552, 5.9104],
			"from": [5.8832, 4.9168, 4.7008],
			"rotation": {"angle": 0, "axis": "y", "origin": [2.8592, 4.9168, 2.2816]}
		},
		{
			"faces": {
				"north": {"uv": [13.75, 7.25, 16, 9.75], "texture": "#10"},
				"east": {"uv": [12.5, 8.5, 13.75, 11], "texture": "#10"},
				"south": {"uv": [13.75, 9.75, 16, 12.25], "texture": "#10"},
				"west": {"uv": [12.5, 6, 13.75, 8.5], "texture": "#10"},
				"up": {"uv": [13.75, 6, 16, 7.25], "texture": "#10"},
				"down": {"uv": [13.75, 12.25, 16, 13.5], "texture": "#10"}
			},
			"to": [10.7216, 9.7552, 9.5392],
			"from": [5.2784, 3.7072, 5.9104],
			"rotation": {"angle": 0, "axis": "y", "origin": [2.8592, 4.9168, 2.2816]}
		},
		{
			"faces": {
				"north": {"uv": [14.25, 5, 16, 6], "texture": "#10"},
				"east": {"uv": [12.75, 5, 14.25, 6], "texture": "#10"},
				"south": {"uv": [14.25, 2.5, 16, 3.5], "texture": "#10"},
				"west": {"uv": [12.75, 4, 14.25, 5], "texture": "#10"},
				"up": {"uv": [14.25, 3.5, 16, 5], "texture": "#10"},
				"down": {"uv": [0, 0, 0, 0], "texture": "#10"}
			},
			"to": [10.1168, 12.1744, 9.5392],
			"from": [5.8832, 9.7552, 5.9104],
			"rotation": {"angle": 0, "axis": "y", "origin": [2.8592, 4.9168, 2.2816]}
		}
	],
	"display": {
		"head": {
			"translation": [0, 5.6, 0],
			"scale": [4, 4, 4],
			"rotation": [0, 0, 0]
		}
	}
}