{
	"__credit": "Generated using Animated Java (https://animated-java.dev/)",
	"textures": {
		"0": "minecraft:fnaf/bonnie/default",
		"1": "minecraft:fnaf/bonnie/eye_default",
		"3": "minecraft:fnaf/bonnie/eye_creepy"
	},
	"elements": [
		{
			"faces": {
				"north": {"uv": [4.75, 2.75, 5.25, 3.5], "texture": "#0"},
				"east": {"uv": [4.75, 2.75, 6, 3.5], "texture": "#0"},
				"south": {"uv": [2.75, 2.75, 3, 3.25], "texture": "#0"},
				"west": {"uv": [4, 1.25, 4.25, 1.5], "texture": "#0"},
				"up": {"uv": [3, 2.5, 4.25, 2.75], "rotation": 90, "texture": "#0"},
				"down": {"uv": [3, 3.25, 4.25, 3.5], "rotation": 90, "texture": "#0"}
			},
			"to": [10.78354, 17.28493, 9.84274],
			"from": [9.55505, 15.44219, 6.77151],
			"rotation": {"angle": 0, "axis": "y", "origin": [7.71231, 14.2137, 8]}
		},
		{
			"faces": {
				"north": {"uv": [4.75, 2.75, 5.25, 3.5], "texture": "#0"},
				"east": {"uv": [4, 1.25, 4.25, 1.5], "texture": "#0"},
				"south": {"uv": [2.75, 2.75, 3, 3.25], "texture": "#0"},
				"west": {"uv": [3, 2.75, 4.25, 3.5], "texture": "#0"},
				"up": {"uv": [3, 2.5, 4.25, 2.75], "rotation": 90, "texture": "#0"},
				"down": {"uv": [3, 3.25, 4.25, 3.5], "rotation": 90, "texture": "#0"}
			},
			"to": [6.48381, 17.28493, 9.84274],
			"from": [5.25532, 15.44219, 6.77151],
			"rotation": {"angle": 0, "axis": "y", "origin": [7.71231, 14.2137, 8]}
		},
		{
			"faces": {
				"north": {"uv": [5, 3, 7.25, 3.5], "texture": "#0"},
				"east": {"uv": [4.75, 2.75, 5, 3.5], "texture": "#0"},
				"south": {"uv": [5, 2.75, 7.25, 3.5], "texture": "#0"},
				"west": {"uv": [4.75, 2.75, 5, 3.5], "texture": "#0"},
				"up": {"uv": [5, 2.5, 7.25, 3], "texture": "#0"},
				"down": {"uv": [4.5, 3.75, 6.75, 4], "texture": "#0"}
			},
			"to": [10.78354, 16.67068, 10.45699],
			"from": [5.25532, 14.82794, 9.84274],
			"rotation": {"angle": 0, "axis": "y", "origin": [7.71231, 14.2137, 8]}
		},
		{
			"faces": {
				"north": {"uv": [9.75, 1.75, 11, 2.25], "texture": "#0"},
				"east": {"uv": [9, 1.75, 9.5, 2.25], "texture": "#0"},
				"west": {"uv": [9, 1.25, 9.5, 1.75], "texture": "#0"},
				"up": {"uv": [9.75, 1.25, 11, 1.75], "texture": "#0"},
				"down": {"uv": [9.25, 2.25, 10.5, 2.75], "texture": "#0"}
			},
			"to": [9.55505, 16.67068, 6.77151],
			"from": [6.48381, 15.44219, 5.54301],
			"rotation": {"angle": 0, "axis": "y", "origin": [7.71231, 14.2137, 8]}
		},
		{
			"faces": {
				"north": {"uv": [5, 2.25, 5.25, 2.5], "texture": "#0"},
				"east": {"uv": [5, 2.25, 5.25, 2.5], "texture": "#0"},
				"south": {"uv": [5, 2.25, 5.25, 2.5], "texture": "#0"},
				"west": {"uv": [5, 2.25, 5.25, 2.5], "texture": "#0"},
				"up": {"uv": [5, 2.25, 5.25, 2.5], "texture": "#0"},
				"down": {"uv": [5, 2.25, 5.25, 2.5], "texture": "#0"}
			},
			"to": [8.32655, 16.9778, 6.77151],
			"from": [7.71231, 16.36356, 6.15726],
			"rotation": {"angle": 0, "axis": "y", "origin": [7.71231, 14.2137, 8]}
		},
		{
			"faces": {
				"north": {"uv": [11.25, 2.5, 11.75, 2.75], "texture": "#0"},
				"east": {"uv": [11, 2.5, 11.25, 2.75], "texture": "#0"},
				"south": {"uv": [11.25, 2, 11.75, 2.25], "texture": "#0"},
				"west": {"uv": [11.75, 2.5, 12, 2.75], "texture": "#0"},
				"up": {"uv": [11.25, 2.25, 11.75, 2.5], "texture": "#0"},
				"down": {"uv": [11.75, 2, 12.25, 2.5], "texture": "#0"}
			},
			"to": [8.63368, 16.9778, 6.15726],
			"from": [7.40518, 16.36356, 5.60444],
			"rotation": {"angle": 0, "axis": "y", "origin": [7.71231, 14.2137, 8]}
		},
		{
			"faces": {
				"north": {"uv": [6.5, 0.5, 8.25, 1.5], "texture": "#0"},
				"east": {"uv": [8.5, 0.75, 8.75, 1.5], "texture": "#0"},
				"south": {"uv": [6.5, 0.75, 8.25, 1.5], "texture": "#0"},
				"west": {"uv": [6.25, 0.75, 6.5, 1.5], "texture": "#0"},
				"up": {"uv": [6.5, 0.25, 8.25, 0.5], "texture": "#0"},
				"down": {"uv": [0, 0, 7, 2], "texture": "#0"}
			},
			"to": [10.16929, 18.51342, 10.45699],
			"from": [5.86957, 16.67068, 9.84274],
			"rotation": {"angle": 0, "axis": "y", "origin": [7.71231, 14.2137, 8]}
		},
		{
			"faces": {
				"north": {"uv": [4.25, 1.5, 4.5, 2.25], "texture": "#0"},
				"east": {"uv": [3, 1.5, 4.25, 2.25], "texture": "#0"},
				"south": {"uv": [8.75, 1.5, 9, 2.5], "texture": "#0"},
				"west": {"uv": [4, 1.25, 4.25, 1.5], "texture": "#0"},
				"up": {"uv": [4.25, 0.25, 4.5, 1.5], "texture": "#0"},
				"down": {"uv": [3, 2.25, 4.25, 2.5], "rotation": 90, "texture": "#0"}
			},
			"to": [10.16929, 19.12767, 9.84274],
			"from": [9.55505, 17.28493, 6.77151],
			"rotation": {"angle": 0, "axis": "y", "origin": [7.71231, 14.2137, 8]}
		},
		{
			"faces": {
				"north": {"uv": [5, 1.75, 5.25, 2.25], "texture": "#0"},
				"east": {"uv": [4, 1.25, 4.25, 1.5], "texture": "#0"},
				"south": {"uv": [5, 1.75, 5.25, 2.25], "texture": "#0"},
				"west": {"uv": [4, 1.25, 4.25, 1.5], "texture": "#0"},
				"down": {"uv": [5, 2, 5.25, 2.25], "texture": "#0"}
			},
			"to": [8.32655, 17.89917, 7.38575],
			"from": [7.71231, 16.67068, 6.77151],
			"rotation": {"angle": 0, "axis": "y", "origin": [7.71231, 14.2137, 8]}
		},
		{
			"faces": {
				"north": {"uv": [0, 8.75, 7.85, 16], "texture": "#1"},
				"east": {"uv": [0, 8.75, 7.85, 16], "texture": "#1"},
				"south": {"uv": [0, 8.75, 7.85, 16], "texture": "#1"},
				"west": {"uv": [0, 8.75, 7.85, 16], "texture": "#1"},
				"up": {"uv": [0, 8.75, 7.85, 16], "texture": "#1"},
				"down": {"uv": [0, 8.75, 7.85, 16], "texture": "#1"}
			},
			"to": [7.53418, 17.72104, 8.02457],
			"from": [6.60052, 17.4692, 7.04178],
			"rotation": {"angle": 0, "axis": "y", "origin": [7.71231, 14.2137, 8]}
		},
		{
			"faces": {
				"north": {"uv": [8, 0, 16, 8], "texture": "#3"},
				"east": {"uv": [8, 0, 16, 8], "texture": "#3"},
				"south": {"uv": [8, 0, 16, 8], "texture": "#3"},
				"west": {"uv": [8, 0, 16, 8], "texture": "#3"},
				"up": {"uv": [8, 0, 16, 8], "texture": "#3"},
				"down": {"uv": [8, 0, 16, 8], "texture": "#3"}
			},
			"to": [9.37077, 17.7149, 8],
			"from": [8.4494, 16.79353, 7.07863],
			"rotation": {"angle": 0, "axis": "y", "origin": [9.55505, 14.2137, 8]}
		},
		{
			"faces": {
				"north": {"uv": [8, 0, 16, 8], "texture": "#3"},
				"east": {"uv": [8, 0, 16, 8], "texture": "#3"},
				"south": {"uv": [8, 0, 16, 8], "texture": "#3"},
				"west": {"uv": [8, 0, 16, 8], "texture": "#3"},
				"up": {"uv": [8, 0, 16, 8], "texture": "#3"},
				"down": {"uv": [8, 0, 16, 8], "texture": "#3"}
			},
			"to": [7.52803, 17.7149, 8],
			"from": [6.60666, 16.79353, 7.07863],
			"rotation": {"angle": 0, "axis": "y", "origin": [7.71231, 14.2137, 8]}
		},
		{
			"faces": {
				"north": {"uv": [0, 8.75, 7.85, 16], "texture": "#1"},
				"east": {"uv": [0, 8.75, 7.85, 16], "texture": "#1"},
				"south": {"uv": [0, 8.75, 7.85, 16], "texture": "#1"},
				"west": {"uv": [0, 8.75, 7.85, 16], "texture": "#1"},
				"up": {"uv": [0, 8.75, 7.85, 16], "texture": "#1"},
				"down": {"uv": [0, 8.75, 7.85, 16], "texture": "#1"}
			},
			"to": [9.37691, 17.72104, 8.02457],
			"from": [8.44326, 17.4692, 7.04178],
			"rotation": {"angle": 0, "axis": "y", "origin": [9.55505, 14.2137, 8]}
		},
		{
			"faces": {
				"north": {"uv": [4.5, 1.5, 5.75, 2], "texture": "#0"},
				"south": {"uv": [7.5, 1.5, 8.75, 2], "texture": "#0"},
				"up": {"uv": [4.5, 0.25, 5.75, 1.5], "rotation": 180, "texture": "#0"},
				"down": {"uv": [4, 1.25, 4.25, 1.5], "texture": "#0"}
			},
			"to": [9.55505, 19.12767, 9.84274],
			"from": [6.48381, 17.89917, 6.77151],
			"rotation": {"angle": 0, "axis": "y", "origin": [7.71231, 14.2137, 8]}
		},
		{
			"faces": {
				"north": {"uv": [4.5, 1.75, 5.75, 2], "texture": "#0"},
				"south": {"uv": [7.5, 1.5, 8.75, 2], "texture": "#0"},
				"up": {"uv": [4, 1.25, 4.25, 1.5], "rotation": 180, "texture": "#0"},
				"down": {"uv": [4.5, 1.75, 5.75, 2], "texture": "#0"}
			},
			"to": [9.55505, 16.67068, 7.38575],
			"from": [6.48381, 16.05644, 6.77151],
			"rotation": {"angle": 0, "axis": "y", "origin": [7.71231, 14.2137, 8]}
		},
		{
			"faces": {
				"north": {"uv": [5.75, 1.5, 6, 2.25], "texture": "#0"},
				"east": {"uv": [3.75, 1.25, 4, 1.5], "texture": "#0"},
				"south": {"uv": [7.25, 1.5, 7.5, 2.25], "texture": "#0"},
				"west": {"uv": [6, 1.5, 7.25, 2.25], "texture": "#0"},
				"up": {"uv": [5.75, 0.25, 6, 1.5], "texture": "#0"},
				"down": {"uv": [6, 1.5, 6.25, 2.5], "texture": "#0"}
			},
			"to": [6.48381, 19.12767, 9.84274],
			"from": [5.86957, 17.28493, 6.77151],
			"rotation": {"angle": 0, "axis": "y", "origin": [7.71231, 14.2137, 8]}
		},
		{
			"faces": {
				"north": {"uv": [7.25, 2.5, 8.25, 3.5], "texture": "#0"},
				"east": {"uv": [7.25, 2.5, 7.5, 3.5], "texture": "#0"},
				"south": {"uv": [7.25, 2.5, 8.25, 3.5], "texture": "#0"},
				"west": {"uv": [7.25, 2.5, 7.5, 3.5], "texture": "#0"},
				"up": {"uv": [7.25, 2.5, 8.25, 2.75], "texture": "#0"},
				"down": {"uv": [7.25, 3.25, 8.25, 3.5], "texture": "#0"}
			},
			"to": [9.24792, 17.90532, 8.61425],
			"from": [6.79094, 15.44833, 8],
			"rotation": {"angle": 0, "axis": "y", "origin": [7.71231, 14.2137, 8]}
		},
		{
			"faces": {
				"north": {"uv": [7.5, 3.5, 7, 3.75], "texture": "#0"},
				"east": {"uv": [7.5, 3.5, 7, 3.75], "texture": "#0"},
				"south": {"uv": [7, 3.5, 7.5, 3.75], "texture": "#0"},
				"west": {"uv": [7.5, 3.5, 7, 3.75], "texture": "#0"},
				"up": {"uv": [7.25, 3, 7.75, 3.5], "texture": "#0"},
				"down": {"uv": [7.25, 3, 7.75, 3.5], "texture": "#0"}
			},
			"to": [8.63368, 16.05644, 8.61425],
			"from": [7.40518, 15.44219, 7.38575],
			"rotation": {"angle": 0, "axis": "y", "origin": [7.71231, 14.2137, 8]}
		}
	],
	"display": {
		"head": {
			"translation": [0, 5.6, 0],
			"scale": [4, 4, 4],
			"rotation": [0, 0, 0]
		}
	}
}