{
	"__credit": "Generated using Animated Java (https://animated-java.dev/)",
	"textures": {
		"0": "minecraft:fnaf/foxy",
		"2": "minecraft:fnaf/white",
		"9": "minecraft:fnaf/player_gameover",
		"10": "minecraft:fnaf/freddy_gameover"
	},
	"elements": [
		{
			"faces": {
				"north": {"uv": [2, 0, 3, 1], "texture": "#0"},
				"east": {"uv": [2.75, 0, 3, 1], "texture": "#0"},
				"south": {"uv": [2, 0, 3, 1], "texture": "#0"},
				"west": {"uv": [2, 0, 2.25, 1], "texture": "#0"},
				"up": {"uv": [2, 0, 3, 1], "texture": "#0"},
				"down": {"uv": [2, 0.75, 3, 1], "texture": "#0"}
			},
			"to": [9.1904, 8.2992, 8.768],
			"from": [6.8096, 5.9184, 8.1728],
			"rotation": {"angle": 0, "axis": "y", "origin": [7.7024, 4.248, 8.768]}
		},
		{
			"faces": {
				"north": {"uv": [2, 1.25, 2.25, 1.5], "texture": "#0"},
				"east": {"uv": [2, 1.25, 2.25, 1.5], "texture": "#0"},
				"south": {"uv": [2, 1.25, 2.25, 1.5], "texture": "#0"},
				"west": {"uv": [2, 1.25, 2.25, 1.5], "texture": "#0"},
				"up": {"uv": [2, 1.25, 2.25, 1.5], "texture": "#0"},
				"down": {"uv": [2, 1.25, 2.25, 1.5], "texture": "#0"}
			},
			"to": [7.5296, 7.6944, 8.1728],
			"from": [6.5696, 6.7344, 7.2128],
			"rotation": {"angle": 0, "axis": "y", "origin": [7.7024, 4.248, 8.768]}
		},
		{
			"faces": {
				"north": {"uv": [2, 1.25, 2.25, 1.5], "texture": "#0"},
				"east": {"uv": [2, 1.25, 2.25, 1.5], "texture": "#0"},
				"south": {"uv": [2, 1.25, 2.25, 1.5], "texture": "#0"},
				"west": {"uv": [2, 1.25, 2.25, 1.5], "texture": "#0"},
				"up": {"uv": [2, 1.25, 2.25, 1.5], "texture": "#0"},
				"down": {"uv": [2, 1.25, 2.25, 1.5], "texture": "#0"}
			},
			"to": [9.4016, 7.6944, 8.1728],
			"from": [8.4416, 6.7344, 7.2128],
			"rotation": {"angle": 0, "axis": "y", "origin": [7.7024, 4.248, 8.768]}
		},
		{
			"faces": {
				"north": {"uv": [2, 1.25, 2.25, 1.5], "texture": "#2"},
				"east": {"uv": [2, 1.25, 2.25, 1.5], "texture": "#2"},
				"south": {"uv": [2, 1.25, 2.25, 1.5], "texture": "#2"},
				"west": {"uv": [2, 1.25, 2.25, 1.5], "texture": "#2"},
				"up": {"uv": [2, 1.25, 2.25, 1.5], "texture": "#2"},
				"down": {"uv": [2, 1.25, 2.25, 1.5], "texture": "#2"}
			},
			"to": [7.0496, 7.2624, 7.1648],
			"from": [6.9536, 7.1664, 7.1648],
			"rotation": {"angle": 0, "axis": "y", "origin": [7.7024, 4.248, 8.768]}
		},
		{
			"faces": {
				"north": {"uv": [2, 1.25, 2.25, 1.5], "texture": "#2"},
				"east": {"uv": [2, 1.25, 2.25, 1.5], "texture": "#2"},
				"south": {"uv": [2, 1.25, 2.25, 1.5], "texture": "#2"},
				"west": {"uv": [2, 1.25, 2.25, 1.5], "texture": "#2"},
				"up": {"uv": [2, 1.25, 2.25, 1.5], "texture": "#2"},
				"down": {"uv": [2, 1.25, 2.25, 1.5], "texture": "#2"}
			},
			"to": [8.9216, 7.2624, 7.1648],
			"from": [8.8256, 7.1664, 7.1648],
			"rotation": {"angle": 0, "axis": "y", "origin": [7.7024, 4.248, 8.768]}
		},
		{
			"faces": {
				"north": {"uv": [2, 2, 4, 4], "texture": "#9"},
				"east": {"uv": [0, 2, 2, 4], "texture": "#9"},
				"south": {"uv": [6, 2, 8, 4], "texture": "#9"},
				"west": {"uv": [4, 2, 6, 4], "texture": "#9"},
				"up": {"uv": [2, 0, 4, 2], "texture": "#9"},
				"down": {"uv": [4, 0, 6, 2], "texture": "#9"}
			},
			"to": [9.1904, 8.2032, 9.3536],
			"from": [6.8096, 5.8224, 6.9728],
			"rotation": {"angle": 0, "axis": "y", "origin": [7.7024, 4.248, 8.768]}
		},
		{
			"faces": {
				"north": {"uv": [1, 0, 1.5, 0.25], "texture": "#9"},
				"east": {"uv": [1, 0, 1.25, 0.25], "texture": "#9"},
				"south": {"uv": [1, 0, 1.25, 0.25], "texture": "#9"},
				"west": {"uv": [1, 0, 1.25, 0.25], "texture": "#9"},
				"up": {"uv": [1, 0, 1.25, 0.25], "texture": "#9"},
				"down": {"uv": [1, 0, 1.25, 0.25], "texture": "#9"}
			},
			"to": [7.3184, 7.4352, 6.0896],
			"from": [6.6176, 7.1184, 5.7728],
			"rotation": {"angle": 0, "axis": "y", "origin": [7.7024, 4.248, 8.768]}
		},
		{
			"faces": {
				"north": {"uv": [1.5, 0, 1, 0.25], "texture": "#9"},
				"east": {"uv": [1, 0, 1.25, 0.25], "texture": "#9"},
				"south": {"uv": [1, 0, 1.25, 0.25], "texture": "#9"},
				"west": {"uv": [1, 0, 1.25, 0.25], "texture": "#9"},
				"up": {"uv": [1, 0, 1.25, 0.25], "texture": "#9"},
				"down": {"uv": [1, 0, 1.25, 0.25], "texture": "#9"}
			},
			"to": [9.0464, 7.6752, 6.4256],
			"from": [8.3456, 7.3584, 6.1088],
			"rotation": {"angle": 0, "axis": "y", "origin": [7.7024, 4.248, 8.768]}
		},
		{
			"faces": {
				"north": {"uv": [2.25, 0.25, 2.75, 0.75], "texture": "#0"},
				"east": {"uv": [2.5, 0.25, 2.75, 0.75], "texture": "#0"},
				"south": {"uv": [2.25, 0.25, 2.75, 0.75], "texture": "#0"},
				"west": {"uv": [2.25, 0.25, 2.5, 0.75], "texture": "#0"},
				"up": {"uv": [2.25, 0.25, 2.75, 0.5], "texture": "#0"},
				"down": {"uv": [2.25, 0.5, 2.75, 0.75], "texture": "#0"}
			},
			"to": [8.6144, 5.8992, 8.768],
			"from": [7.3856, 4.7664, 8.1728],
			"rotation": {"angle": 0, "axis": "y", "origin": [7.7024, 4.248, 8.768]}
		},
		{
			"faces": {
				"north": {"uv": [2, 1, 2.5, 1.25], "rotation": 180, "texture": "#0"},
				"east": {"uv": [2, 1, 2.5, 1.25], "rotation": 180, "texture": "#0"},
				"south": {"uv": [2, 1, 2.5, 1.25], "texture": "#0"},
				"west": {"uv": [2, 1, 2.5, 1.25], "rotation": 180, "texture": "#0"},
				"up": {"uv": [2, 0.5, 2.5, 1], "texture": "#0"},
				"down": {"uv": [2, 0.5, 2.5, 1], "texture": "#0"}
			},
			"to": [8.5952, 5.9184, 8.144],
			"from": [7.4048, 5.3232, 6.9536],
			"rotation": {"angle": 0, "axis": "y", "origin": [7.7024, 4.728, 8.144]}
		},
		{
			"faces": {
				"north": {"uv": [3.25, 0.75, 4, 1.25], "texture": "#10"},
				"east": {"uv": [3.25, 0.75, 4, 1.25], "texture": "#10"},
				"south": {"uv": [3.25, 0.75, 4, 1.25], "texture": "#10"},
				"west": {"uv": [3.25, 0.75, 4, 1.25], "texture": "#10"},
				"up": {"uv": [3.25, 0, 4, 0.75], "texture": "#10"},
				"down": {"uv": [0, 0, 0, 0], "texture": "#10"}
			},
			"to": [8.9072, 11.352, 8.7296],
			"from": [7.0928, 10.1424, 6.9152],
			"rotation": {"angle": 0, "axis": "y", "origin": [7.6976, 4.6992, 8.1248]}
		},
		{
			"faces": {
				"north": {"uv": [3, 1.25, 4.25, 1.5], "texture": "#10"},
				"east": {"uv": [3, 1.25, 4.25, 1.5], "texture": "#10"},
				"south": {"uv": [3, 1.25, 4.25, 1.5], "texture": "#10"},
				"west": {"uv": [3, 1.25, 4.25, 1.5], "texture": "#10"},
				"up": {"uv": [2, 0, 3.25, 1.25], "texture": "#10"},
				"down": {"uv": [0, 0, 0, 0], "texture": "#10"}
			},
			"to": [9.512, 10.1424, 9.3344],
			"from": [6.488, 9.5376, 6.3104],
			"rotation": {"angle": 0, "axis": "y", "origin": [7.6976, 4.6992, 8.1248]}
		},
		{
			"faces": {
				"north": {"uv": [9, 0.25, 9.75, 1], "texture": "#10"},
				"east": {"uv": [8.75, 0.25, 9, 1], "texture": "#10"},
				"south": {"uv": [10, 0.25, 10.75, 1], "texture": "#10"},
				"west": {"uv": [9.75, 0.25, 10, 1], "texture": "#10"},
				"up": {"uv": [9, 0, 9.75, 0.25], "texture": "#10"},
				"down": {"uv": [9, 1, 9.75, 1.25], "texture": "#10"}
			},
			"to": [11.9312, 10.1424, 8.1248],
			"from": [10.1168, 8.328, 7.52],
			"rotation": {"angle": 0, "axis": "y", "origin": [7.6976, 4.6992, 8.1248]}
		},
		{
			"faces": {
				"north": {"uv": [9, 0.25, 9.75, 1], "texture": "#10"},
				"east": {"uv": [8.75, 0.25, 9, 1], "texture": "#10"},
				"south": {"uv": [10, 0.25, 10.75, 1], "texture": "#10"},
				"west": {"uv": [9.75, 0.25, 10, 1], "texture": "#10"},
				"up": {"uv": [9, 0, 9.75, 0.25], "texture": "#10"},
				"down": {"uv": [9, 1, 9.75, 1.25], "texture": "#10"}
			},
			"to": [5.8832, 10.1424, 8.1248],
			"from": [4.0688, 8.328, 7.52],
			"rotation": {"angle": 0, "axis": "y", "origin": [7.6976, 4.6992, 8.1248]}
		},
		{
			"faces": {
				"north": {"uv": [5.75, 1.5, 6, 2.5], "texture": "#10"},
				"east": {"uv": [7.25, 1.5, 6, 2.5], "texture": "#10"},
				"south": {"uv": [7.25, 1.5, 7.5, 2.5], "texture": "#10"},
				"west": {"uv": [6, 1.5, 7.25, 2.5], "texture": "#10"},
				"up": {"uv": [5.75, 0.25, 6, 1.5], "texture": "#10"},
				"down": {"uv": [6, 1.5, 6.25, 2.5], "texture": "#10"}
			},
			"to": [6.488, 9.5376, 9.3344],
			"from": [5.8832, 7.1184, 6.3104],
			"rotation": {"angle": 0, "axis": "y", "origin": [7.6976, 4.6992, 8.1248]}
		},
		{
			"faces": {
				"north": {"uv": [3.75, 1.25, 4.25, 1.5], "texture": "#10"},
				"east": {"uv": [0, 0, 0, 0], "texture": "#10"},
				"south": {"uv": [7.5, 1.5, 8.75, 2], "texture": "#10"},
				"west": {"uv": [0, 0, 0, 0], "texture": "#10"},
				"up": {"uv": [4.5, 0, 5.75, 1.25], "rotation": 180, "texture": "#10"},
				"down": {"uv": [4.5, 0.25, 5.75, 2], "texture": "#10"}
			},
			"to": [7.6976, 9.05376, 6.24992],
			"from": [6.488, 8.44896, 6.24992],
			"rotation": {"angle": 0, "axis": "y", "origin": [7.6976, 4.6992, 8.1248]}
		},
		{
			"faces": {
				"north": {"uv": [3.75, 1.25, 4.25, 1.5], "texture": "#10"},
				"east": {"uv": [0, 0, 0, 0], "texture": "#10"},
				"south": {"uv": [7.5, 1.5, 8.75, 2], "texture": "#10"},
				"west": {"uv": [0, 0, 0, 0], "texture": "#10"},
				"up": {"uv": [4.5, 0, 5.75, 1.25], "rotation": 180, "texture": "#10"},
				"down": {"uv": [4.5, 0.25, 5.75, 2], "texture": "#10"}
			},
			"to": [9.512, 9.05376, 6.24992],
			"from": [8.3024, 8.44896, 6.24992],
			"rotation": {"angle": 0, "axis": "y", "origin": [7.6976, 4.6992, 8.1248]}
		},
		{
			"faces": {
				"north": {"uv": [4.5, 1.5, 5.75, 2], "texture": "#10"},
				"east": {"uv": [0, 0, 0, 0], "texture": "#10"},
				"south": {"uv": [7.5, 1.5, 8.75, 2], "texture": "#10"},
				"west": {"uv": [0, 0, 0, 0], "texture": "#10"},
				"up": {"uv": [4.5, 0, 5.75, 1.25], "rotation": 180, "texture": "#10"},
				"down": {"uv": [4.5, 0.25, 5.75, 1.25], "texture": "#10"}
			},
			"to": [9.512, 9.5376, 9.3344],
			"from": [6.488, 8.328, 6.3104],
			"rotation": {"angle": 0, "axis": "y", "origin": [7.6976, 4.6992, 8.1248]}
		},
		{
			"faces": {
				"north": {"uv": [5, 1.75, 5.25, 2.25], "texture": "#10"},
				"east": {"uv": [5, 1.75, 5.25, 2.25], "texture": "#10"},
				"south": {"uv": [5, 1.75, 5.25, 2.25], "texture": "#10"},
				"west": {"uv": [5, 1.75, 5.25, 2.25], "texture": "#10"},
				"up": {"uv": [0, 0, 0, 0], "texture": "#10"},
				"down": {"uv": [5, 2, 5.25, 2.25], "texture": "#10"}
			},
			"to": [8.3024, 8.328, 6.9152],
			"from": [7.6976, 7.1184, 6.3104],
			"rotation": {"angle": 0, "axis": "y", "origin": [7.6976, 4.6992, 8.1248]}
		},
		{
			"faces": {
				"north": {"uv": [4.25, 1.5, 4.5, 2.5], "texture": "#10"},
				"east": {"uv": [3, 1.5, 4.25, 2.5], "texture": "#10"},
				"south": {"uv": [8.75, 1.5, 9, 2.5], "texture": "#10"},
				"west": {"uv": [4.25, 1.5, 3, 2.5], "texture": "#10"},
				"up": {"uv": [4.25, 0.25, 4.5, 1.5], "texture": "#10"},
				"down": {"uv": [3, 2.25, 4.25, 2.5], "rotation": 90, "texture": "#10"}
			},
			"to": [10.1168, 9.5376, 9.3344],
			"from": [9.512, 7.1184, 6.3104],
			"rotation": {"angle": 0, "axis": "y", "origin": [7.6976, 4.6992, 8.1248]}
		},
		{
			"faces": {
				"north": {"uv": [6.5, 0.5, 8.25, 1.5], "texture": "#10"},
				"east": {"uv": [8.25, 0.5, 8.75, 1.5], "texture": "#10"},
				"south": {"uv": [6.5, 0.5, 8.25, 1.5], "texture": "#10"},
				"west": {"uv": [6, 0.5, 6.5, 1.5], "texture": "#10"},
				"up": {"uv": [6.5, 0, 8.25, 0.5], "texture": "#10"},
				"down": {"uv": [0, 0, 7, 2], "texture": "#10"}
			},
			"to": [10.1168, 8.9328, 10.544],
			"from": [5.8832, 6.5136, 9.3344],
			"rotation": {"angle": 0, "axis": "y", "origin": [7.6976, 4.6992, 8.1248]}
		},
		{
			"faces": {
				"north": {"uv": [11.25, 2.5, 11.75, 2.75], "texture": "#10"},
				"east": {"uv": [10.75, 2.5, 11.25, 2.75], "texture": "#10"},
				"south": {"uv": [11.25, 2, 11.75, 2.25], "texture": "#10"},
				"west": {"uv": [11.75, 2.5, 12.25, 2.75], "texture": "#10"},
				"up": {"uv": [11.25, 2, 11.75, 2.5], "texture": "#10"},
				"down": {"uv": [11.75, 2, 12.25, 2.5], "texture": "#10"}
			},
			"to": [8.6048, 7.4208, 6.008],
			"from": [7.3952, 6.816, 4.7984],
			"rotation": {"angle": 0, "axis": "y", "origin": [7.6976, 4.6992, 8.1248]}
		},
		{
			"faces": {
				"north": {"uv": [9.5, 1.75, 11.25, 2.25], "texture": "#10"},
				"east": {"uv": [9, 1.75, 9.5, 2.25], "texture": "#10"},
				"south": {"uv": [0, 0, 0, 0], "texture": "#10"},
				"west": {"uv": [9, 1.25, 9.5, 1.75], "texture": "#10"},
				"up": {"uv": [9.5, 1.75, 11.25, 1.25], "texture": "#10"},
				"down": {"uv": [9, 2.25, 10.75, 2.75], "texture": "#10"}
			},
			"to": [10.1168, 7.1184, 6.3104],
			"from": [5.8832, 5.9088, 5.1008],
			"rotation": {"angle": 0, "axis": "y", "origin": [7.6976, 4.6992, 8.1248]}
		},
		{
			"faces": {
				"north": {"uv": [5, 3, 7.25, 3.5], "texture": "#10"},
				"east": {"uv": [4.5, 2.5, 5, 3], "texture": "#10"},
				"south": {"uv": [5, 3, 7.25, 3.5], "texture": "#10"},
				"west": {"uv": [4.5, 3, 5, 3.5], "texture": "#10"},
				"up": {"uv": [5, 2.5, 7.25, 3], "texture": "#10"},
				"down": {"uv": [4.5, 3.5, 6.75, 4], "texture": "#10"}
			},
			"to": [10.7216, 6.5136, 10.544],
			"from": [5.2784, 5.304, 9.3344],
			"rotation": {"angle": 0, "axis": "y", "origin": [7.6976, 4.6992, 8.1248]}
		},
		{
			"faces": {
				"north": {"uv": [4.25, 2.75, 4.5, 3.25], "texture": "#10"},
				"east": {"uv": [3, 2.75, 4.25, 3.25], "texture": "#10"},
				"south": {"uv": [2.75, 2.75, 3, 3.25], "texture": "#10"},
				"west": {"uv": [3, 2.75, 4.25, 3.25], "texture": "#10"},
				"up": {"uv": [3, 2.5, 4.25, 2.75], "rotation": 90, "texture": "#10"},
				"down": {"uv": [3, 3.25, 4.25, 3.5], "rotation": 90, "texture": "#10"}
			},
			"to": [5.8832, 7.1184, 9.3344],
			"from": [5.2784, 5.9088, 6.3104],
			"rotation": {"angle": 0, "axis": "y", "origin": [7.6976, 4.6992, 8.1248]}
		},
		{
			"faces": {
				"north": {"uv": [4.25, 2.75, 4.5, 3.25], "texture": "#10"},
				"east": {"uv": [3, 2.75, 4.25, 3.25], "texture": "#10"},
				"south": {"uv": [2.75, 2.75, 3, 3.25], "texture": "#10"},
				"west": {"uv": [3, 2.75, 4.25, 3.25], "texture": "#10"},
				"up": {"uv": [3, 2.5, 4.25, 2.75], "rotation": 90, "texture": "#10"},
				"down": {"uv": [3, 3.25, 4.25, 3.5], "rotation": 90, "texture": "#10"}
			},
			"to": [10.7216, 7.1184, 9.3344],
			"from": [10.1168, 5.9088, 6.3104],
			"rotation": {"angle": 0, "axis": "y", "origin": [7.6976, 4.6992, 8.1248]}
		}
	],
	"display": {
		"head": {
			"translation": [0, 5.6, 0],
			"scale": [4, 4, 4],
			"rotation": [0, 0, 0]
		}
	}
}