{
	"__credit": "Generated using Animated Java (https://animated-java.dev/)",
	"textures": {
		"0": "minecraft:fnaf/freddy/freddy"
	},
	"elements": [
		{
			"faces": {
				"north": {"uv": [7.5, 3.5, 7, 3.75], "texture": "#0"},
				"east": {"uv": [7.5, 3.5, 7, 3.75], "texture": "#0"},
				"south": {"uv": [7.5, 3.5, 7, 3.75], "texture": "#0"},
				"west": {"uv": [7.5, 3.5, 7, 3.75], "texture": "#0"},
				"up": {"uv": [7.25, 3, 7.75, 3.5], "texture": "#0"},
				"down": {"uv": [7.25, 3, 7.75, 3.5], "texture": "#0"}
			},
			"to": [8.6048, 4.6576, 8.6048],
			"from": [7.3952, 4.0528, 7.3952],
			"rotation": {"angle": 0, "axis": "y", "origin": [7.6976, 2.8432, 8.6048]}
		},
		{
			"faces": {
				"north": {"uv": [4.25, 2.75, 4.5, 3.25], "texture": "#0"},
				"east": {"uv": [3, 2.75, 4.25, 3.25], "texture": "#0"},
				"south": {"uv": [2.75, 2.75, 3, 3.25], "texture": "#0"},
				"west": {"uv": [3, 2.75, 4.25, 3.25], "texture": "#0"},
				"up": {"uv": [3, 2.5, 4.25, 2.75], "rotation": 90, "texture": "#0"},
				"down": {"uv": [3, 3.25, 4.25, 3.5], "rotation": 90, "texture": "#0"}
			},
			"to": [10.1456, 5.2624, 9.8144],
			"from": [9.5408, 4.0528, 6.7904],
			"rotation": {"angle": 0, "axis": "y", "origin": [7.6976, 2.8432, 8.6048]}
		},
		{
			"faces": {
				"north": {"uv": [4.25, 2.75, 4.5, 3.25], "texture": "#0"},
				"east": {"uv": [3, 2.75, 4.25, 3.25], "texture": "#0"},
				"south": {"uv": [2.75, 2.75, 3, 3.25], "texture": "#0"},
				"west": {"uv": [3, 2.75, 4.25, 3.25], "texture": "#0"},
				"up": {"uv": [3, 2.5, 4.25, 2.75], "rotation": 90, "texture": "#0"},
				"down": {"uv": [3, 3.25, 4.25, 3.5], "rotation": 90, "texture": "#0"}
			},
			"to": [6.4592, 5.2624, 9.8144],
			"from": [5.8544, 4.0528, 6.7904],
			"rotation": {"angle": 0, "axis": "y", "origin": [7.6976, 2.8432, 8.6048]}
		},
		{
			"faces": {
				"north": {"uv": [5.25, 3, 7, 3.5], "texture": "#0"},
				"east": {"uv": [4.5, 2.5, 5, 3], "texture": "#0"},
				"south": {"uv": [5.25, 3, 7, 3.5], "texture": "#0"},
				"west": {"uv": [4.5, 3, 5, 3.5], "texture": "#0"},
				"up": {"uv": [5, 2.5, 7.25, 3], "texture": "#0"},
				"down": {"uv": [4.5, 3.5, 6.75, 4], "texture": "#0"}
			},
			"to": [10.0976, 4.6576, 11.024],
			"from": [5.9024, 3.448, 9.8144],
			"rotation": {"angle": 0, "axis": "y", "origin": [7.6976, 2.8432, 8.6048]}
		},
		{
			"faces": {
				"north": {"uv": [9.5, 1.75, 11.25, 2.25], "texture": "#0"},
				"east": {"uv": [9, 1.75, 9.5, 2.25], "texture": "#0"},
				"west": {"uv": [9, 1.25, 9.5, 1.75], "texture": "#0"},
				"up": {"uv": [9.5, 1.25, 11.25, 1.75], "texture": "#0"},
				"down": {"uv": [9, 2.25, 10.75, 2.75], "texture": "#0"}
			},
			"to": [9.8768, 5.2624, 6.7904],
			"from": [6.1232, 4.0528, 5.5808],
			"rotation": {"angle": 0, "axis": "y", "origin": [7.6976, 2.8432, 8.6048]}
		},
		{
			"faces": {
				"north": {"uv": [4, 1.25, 4.25, 1.5], "texture": "#0"},
				"east": {"uv": [4, 1.25, 4.25, 1.5], "texture": "#0"},
				"south": {"uv": [4, 1.25, 4.25, 1.5], "texture": "#0"},
				"west": {"uv": [4, 1.25, 4.25, 1.5], "texture": "#0"},
				"up": {"uv": [4, 1.25, 4.25, 1.5], "texture": "#0"},
				"down": {"uv": [4, 1.25, 4.25, 1.5], "texture": "#0"}
			},
			"to": [9.512, 5.2624, 7.3952],
			"from": [6.488, 5.2624, 6.7904],
			"rotation": {"angle": 0, "axis": "y", "origin": [7.6976, 2.8432, 8.6048]}
		},
		{
			"faces": {
				"north": {"uv": [11.25, 2.5, 11.75, 2.75], "texture": "#0"},
				"east": {"uv": [10.75, 2.5, 11.25, 2.75], "texture": "#0"},
				"south": {"uv": [11.25, 2, 11.75, 2.25], "texture": "#0"},
				"west": {"uv": [11.75, 2.5, 12.25, 2.75], "texture": "#0"},
				"up": {"uv": [11.25, 2, 11.75, 2.5], "texture": "#0"},
				"down": {"uv": [11.75, 2, 12.25, 2.5], "texture": "#0"}
			},
			"to": [8.6048, 5.5648, 6.488],
			"from": [7.3952, 4.96, 5.2784],
			"rotation": {"angle": 0, "axis": "y", "origin": [7.6976, 2.8432, 8.6048]}
		},
		{
			"faces": {
				"north": {"uv": [4, 1.25, 4.25, 1.5], "texture": "#0"},
				"east": {"uv": [8.25, 0.5, 8.75, 1.5], "texture": "#0"},
				"south": {"uv": [6.5, 0.5, 8.25, 1.5], "texture": "#0"},
				"west": {"uv": [6, 0.5, 6.5, 1.5], "texture": "#0"},
				"up": {"uv": [6.5, 0, 8.25, 0.5], "texture": "#0"},
				"down": {"uv": [0, 0, 7, 2], "texture": "#0"}
			},
			"to": [10.1168, 7.0768, 11.024],
			"from": [5.8832, 4.6576, 9.8144],
			"rotation": {"angle": 0, "axis": "y", "origin": [7.6976, 2.8432, 8.6048]}
		},
		{
			"faces": {
				"north": {"uv": [4.25, 1.5, 4.5, 2.5], "texture": "#0"},
				"east": {"uv": [3, 1.5, 4.25, 2.5], "texture": "#0"},
				"south": {"uv": [8.75, 1.5, 9, 2.5], "texture": "#0"},
				"west": {"uv": [4, 1.25, 4.25, 1.5], "texture": "#0"},
				"up": {"uv": [4.25, 0.25, 4.5, 1.5], "texture": "#0"},
				"down": {"uv": [3, 2.25, 4.25, 2.5], "rotation": 90, "texture": "#0"}
			},
			"to": [10.1168, 7.6816, 9.8144],
			"from": [9.512, 5.2624, 6.7904],
			"rotation": {"angle": 0, "axis": "y", "origin": [7.6976, 2.8432, 8.6048]}
		},
		{
			"faces": {
				"north": {"uv": [5, 1.75, 5.25, 2.25], "texture": "#0"},
				"east": {"uv": [4, 1.25, 4.25, 1.5], "texture": "#0"},
				"south": {"uv": [5, 1.75, 5.25, 2.25], "texture": "#0"},
				"west": {"uv": [4, 1.25, 4.25, 1.5], "texture": "#0"},
				"down": {"uv": [5, 2, 5.25, 2.25], "texture": "#0"}
			},
			"to": [8.3024, 6.472, 7.3952],
			"from": [7.6976, 5.2624, 6.7904],
			"rotation": {"angle": 0, "axis": "y", "origin": [7.6976, 2.8432, 8.6048]}
		},
		{
			"faces": {
				"north": {"uv": [4.5, 1.5, 5.75, 2], "texture": "#0"},
				"south": {"uv": [7.5, 1.5, 8.75, 2], "texture": "#0"},
				"up": {"uv": [4.5, 0, 5.75, 1.25], "rotation": 180, "texture": "#0"},
				"down": {"uv": [4, 1.25, 4.25, 1.5], "texture": "#0"}
			},
			"to": [9.512, 7.6816, 9.8144],
			"from": [6.488, 6.472, 6.7904],
			"rotation": {"angle": 0, "axis": "y", "origin": [7.6976, 2.8432, 8.6048]}
		},
		{
			"faces": {
				"north": {"uv": [5.75, 1.5, 6, 2.5], "texture": "#0"},
				"east": {"uv": [4, 1.25, 4.25, 1.5], "texture": "#0"},
				"south": {"uv": [7.25, 1.5, 7.5, 2.5], "texture": "#0"},
				"west": {"uv": [6, 1.5, 7.25, 2.5], "texture": "#0"},
				"up": {"uv": [5.75, 0.25, 6, 1.5], "texture": "#0"},
				"down": {"uv": [6, 1.5, 6.25, 2.5], "texture": "#0"}
			},
			"to": [6.488, 7.6816, 9.8144],
			"from": [5.8832, 5.2624, 6.7904],
			"rotation": {"angle": 0, "axis": "y", "origin": [7.6976, 2.8432, 8.6048]}
		},
		{
			"faces": {
				"north": {"uv": [7.25, 2.5, 8.25, 3.5], "texture": "#0"},
				"east": {"uv": [7.25, 2.5, 7.5, 3.5], "texture": "#0"},
				"south": {"uv": [7.25, 2.5, 8.25, 3.5], "texture": "#0"},
				"west": {"uv": [7.25, 2.5, 7.5, 3.5], "texture": "#0"},
				"up": {"uv": [7.25, 2.5, 8.25, 2.75], "texture": "#0"},
				"down": {"uv": [7.25, 3.25, 8.25, 3.5], "texture": "#0"}
			},
			"to": [9.2096, 6.472, 8.6048],
			"from": [6.7904, 4.0528, 8],
			"rotation": {"angle": 0, "axis": "y", "origin": [7.6976, 2.8432, 8.6048]}
		}
	],
	"display": {
		"head": {
			"translation": [0, 5.6, 0],
			"scale": [4, 4, 4],
			"rotation": [0, 0, 0]
		}
	}
}