{
	"__credit": "Generated using Animated Java (https://animated-java.dev/)",
	"textures": {
		"0": "minecraft:fnaf/chica/default",
		"3": "minecraft:fnaf/bonnie/eye_creepy"
	},
	"elements": [
		{
			"faces": {
				"north": {"uv": [2, 1.5, 2.5, 2.25], "texture": "#0"},
				"east": {"uv": [2, 1.5, 2.5, 2.25], "texture": "#0"},
				"south": {"uv": [2, 1.5, 2.5, 2.25], "texture": "#0"},
				"west": {"uv": [2, 1.5, 2.5, 2.25], "texture": "#0"},
				"up": {"uv": [2, 1.5, 2.5, 2.25], "rotation": 180, "texture": "#0"},
				"down": {"uv": [2, 1.5, 2.5, 2.25], "texture": "#0"}
			},
			"to": [8.86592, 16.20934, 9.84723],
			"from": [7.51808, 16.20934, 7.82547],
			"rotation": {"angle": 45, "axis": "x", "origin": [8.52896, 17.4224, 9.44288]}
		},
		{
			"faces": {
				"north": {"uv": [2, 1.5, 2.5, 2.25], "rotation": 90, "texture": "#0"},
				"east": {"uv": [2, 1.5, 2.5, 2.25], "rotation": 90, "texture": "#0"},
				"south": {"uv": [2, 1.5, 2.5, 2.25], "rotation": 90, "texture": "#0"},
				"west": {"uv": [2, 1.5, 2.5, 2.25], "rotation": 90, "texture": "#0"},
				"up": {"uv": [2, 1.5, 2.5, 2.25], "rotation": 90, "texture": "#0"},
				"down": {"uv": [2, 1.5, 2.5, 2.25], "rotation": 90, "texture": "#0"}
			},
			"to": [8.73114, 17.35501, 9.77984],
			"from": [6.70938, 17.35501, 8.432],
			"rotation": {"angle": -45, "axis": "z", "origin": [7.18112, 17.4224, 9.44288]}
		},
		{
			"faces": {
				"north": {"uv": [2, 1.5, 2.5, 2.25], "rotation": 90, "texture": "#0"},
				"east": {"uv": [2, 1.5, 2.5, 2.25], "rotation": 90, "texture": "#0"},
				"south": {"uv": [2, 1.5, 2.5, 2.25], "rotation": 90, "texture": "#0"},
				"west": {"uv": [2, 1.5, 2.5, 2.25], "rotation": 90, "texture": "#0"},
				"up": {"uv": [2, 1.5, 2.5, 2.25], "rotation": 270, "texture": "#0"},
				"down": {"uv": [2, 1.5, 2.5, 2.25], "rotation": 90, "texture": "#0"}
			},
			"to": [9.47245, 16.88326, 9.77984],
			"from": [7.45069, 16.88326, 8.432],
			"rotation": {"angle": 45, "axis": "z", "origin": [8.52896, 17.4224, 9.44288]}
		},
		{
			"faces": {
				"north": {"uv": [6.5, 1.5, 8.25, 2], "texture": "#0"},
				"east": {"uv": [5, 1.5, 6.5, 2], "texture": "#0"},
				"south": {"uv": [9.75, 1.5, 11.5, 2], "texture": "#0"},
				"west": {"uv": [8.25, 1.5, 9.75, 2], "texture": "#0"},
				"up": {"uv": [6.5, 0, 8.25, 1.5], "texture": "#0"},
				"down": {"uv": [2.5, 1, 2.75, 1.25], "texture": "#0"}
			},
			"to": [10.55072, 16.74848, 11.12768],
			"from": [5.83328, 15.40064, 7.08416],
			"rotation": {"angle": 0, "axis": "y", "origin": [2.46368, 5.29184, 2.36672]}
		},
		{
			"faces": {
				"north": {"uv": [2.5, 1, 3, 1.25], "texture": "#0"},
				"east": {"uv": [0, 0, 6, 2], "texture": "#0"},
				"west": {"uv": [0, 0, 6, 2], "texture": "#0"},
				"up": {"uv": [0, 0, 5, 6], "texture": "#0"},
				"down": {"uv": [0, 0, 5, 6], "texture": "#0"}
			},
			"to": [9.94419, 16.07456, 7.08061],
			"from": [8.52896, 15.67021, 7.08061],
			"rotation": {"angle": 0, "axis": "y", "origin": [9.20288, 15.87238, 7.028]}
		},
		{
			"faces": {
				"north": {"uv": [2.5, 1, 3, 1.25], "texture": "#0"},
				"east": {"uv": [0, 0, 6, 2], "texture": "#0"},
				"west": {"uv": [0, 0, 6, 2], "texture": "#0"},
				"up": {"uv": [0, 0, 5, 6], "texture": "#0"},
				"down": {"uv": [0, 0, 5, 6], "texture": "#0"}
			},
			"to": [7.85504, 16.07456, 7.08061],
			"from": [6.43981, 15.67021, 7.08061],
			"rotation": {"angle": 0, "axis": "y", "origin": [2.46368, 5.29184, 2.31056]}
		},
		{
			"faces": {
				"north": {"uv": [2.5, 1, 3, 1.25], "texture": "#0"},
				"east": {"uv": [0, 0, 6, 2], "texture": "#0"},
				"south": {"uv": [10, 2, 11.25, 2.5], "texture": "#0"},
				"west": {"uv": [0, 0, 6, 2], "texture": "#0"},
				"up": {"uv": [0, 0, 5, 6], "texture": "#0"},
				"down": {"uv": [0, 0, 5, 6], "texture": "#0"}
			},
			"to": [9.94419, 15.40064, 11.12768],
			"from": [6.43981, 14.0528, 11.12768],
			"rotation": {"angle": 0, "axis": "y", "origin": [2.46368, 5.29184, 2.36672]}
		},
		{
			"faces": {
				"north": {"uv": [6.5, 2.5, 8.25, 3.25], "texture": "#0"},
				"east": {"uv": [5, 2.5, 6.5, 3.25], "texture": "#0"},
				"south": {"uv": [9.75, 2.5, 11.5, 3.25], "texture": "#0"},
				"west": {"uv": [8.25, 2.5, 9.75, 3.25], "texture": "#0"},
				"up": {"uv": [2.5, 1, 2.75, 1.25], "texture": "#0"},
				"down": {"uv": [8.25, 0, 10, 1.5], "texture": "#0"}
			},
			"to": [10.55072, 14.0528, 11.12768],
			"from": [5.83328, 12.03104, 7.08416],
			"rotation": {"angle": 0, "axis": "y", "origin": [2.46368, 5.29184, 2.36672]}
		},
		{
			"faces": {
				"north": {"uv": [2, 1, 2.5, 1.25], "texture": "#0"},
				"east": {"uv": [4, 1, 4.5, 1.25], "texture": "#0"},
				"south": {"uv": [4, 1, 4.5, 1.25], "texture": "#0"},
				"west": {"uv": [4, 1, 4.5, 1.25], "texture": "#0"},
				"up": {"uv": [4, 1, 4.5, 1.25], "texture": "#0"},
				"down": {"uv": [4, 1, 4.5, 1.25], "texture": "#0"}
			},
			"to": [8.86592, 12.83974, 7.07742],
			"from": [7.51808, 12.16582, 7.07742],
			"rotation": {"angle": 0, "axis": "y", "origin": [2.46368, 5.29184, 2.36672]}
		},
		{
			"faces": {
				"north": {"uv": [2, 1, 2.5, 1.25], "rotation": 180, "texture": "#0"},
				"east": {"uv": [4, 1, 4.5, 1.25], "texture": "#0"},
				"south": {"uv": [4, 1, 4.5, 1.25], "texture": "#0"},
				"west": {"uv": [4, 1, 4.5, 1.25], "texture": "#0"},
				"up": {"uv": [4, 1, 4.5, 1.25], "texture": "#0"},
				"down": {"uv": [4, 1, 4.5, 1.25], "texture": "#0"}
			},
			"to": [8.86592, 13.51366, 7.07742],
			"from": [7.51808, 12.83974, 7.07742],
			"rotation": {"angle": 0, "axis": "y", "origin": [2.46368, 5.29184, 2.36672]}
		},
		{
			"faces": {
				"north": {"uv": [7.25, 2, 7.5, 2.5], "texture": "#0"},
				"east": {"uv": [2.5, 1, 2.75, 1.25], "texture": "#0"},
				"south": {"uv": [7.25, 2, 7.5, 2.5], "texture": "#0"},
				"west": {"uv": [2.5, 1, 2.75, 1.25], "texture": "#0"},
				"up": {"uv": [7.25, 2, 7.5, 2.5], "texture": "#0"},
				"down": {"uv": [7.25, 2, 7.5, 2.5], "texture": "#0"}
			},
			"to": [8.52896, 15.40064, 7.75808],
			"from": [7.85504, 14.0528, 7.08416],
			"rotation": {"angle": 0, "axis": "y", "origin": [2.46368, 5.29184, 2.36672]}
		},
		{
			"faces": {
				"north": {"uv": [8, 2, 8.25, 2.5], "texture": "#0"},
				"east": {"uv": [2.5, 1, 2.75, 1.25], "texture": "#0"},
				"south": {"uv": [9.75, 2, 10, 2.5], "texture": "#0"},
				"west": {"uv": [8.25, 2, 9.75, 2.5], "texture": "#0"},
				"up": {"uv": [0, 0, 0, 0], "texture": "#0"},
				"down": {"uv": [0, 0, 1, 1], "texture": "#0"}
			},
			"to": [6.43981, 15.40064, 11.12768],
			"from": [5.83328, 14.0528, 7.08416],
			"rotation": {"angle": 0, "axis": "y", "origin": [2.46368, 5.29184, 2.36672]}
		},
		{
			"faces": {
				"north": {"uv": [6.5, 2, 6.75, 2.5], "texture": "#0"},
				"east": {"uv": [5, 2, 6.5, 2.5], "texture": "#0"},
				"south": {"uv": [11.25, 2, 11.5, 2.5], "texture": "#0"},
				"west": {"uv": [2.5, 1, 2.75, 1.25], "texture": "#0"},
				"up": {"uv": [0, 0, 0, 0], "texture": "#0"},
				"down": {"uv": [0, 0, 0, 0], "texture": "#0"}
			},
			"to": [10.55072, 15.40064, 11.12768],
			"from": [9.94419, 14.0528, 7.08416],
			"rotation": {"angle": 0, "axis": "y", "origin": [2.46368, 5.29184, 2.36672]}
		},
		{
			"faces": {
				"north": {"uv": [2, 0, 3, 0.5], "texture": "#0"}
			},
			"to": [9.53984, 15.40064, 9.10592],
			"from": [6.84416, 14.0528, 8.432],
			"rotation": {"angle": 0, "axis": "y", "origin": [2.46368, 5.29184, 2.36672]}
		},
		{
			"faces": {
				"north": {"uv": [3.25, 0, 4, 0.25], "texture": "#0"},
				"east": {"uv": [4, 0.25, 4.25, 1], "rotation": 90, "texture": "#0"},
				"south": {"uv": [3.25, 1, 4, 1.25], "texture": "#0"},
				"west": {"uv": [3, 0.25, 3.25, 1], "rotation": 90, "texture": "#0"},
				"up": {"uv": [3.25, 0.25, 4, 1], "texture": "#0"},
				"down": {"uv": [4.25, 0.25, 5, 1], "texture": "#0"}
			},
			"to": [9.20288, 13.71584, 7.08416],
			"from": [7.18112, 13.04192, 5.0624],
			"rotation": {"angle": 0, "axis": "y", "origin": [2.46368, 5.29184, 2.36672]}
		},
		{
			"faces": {
				"north": {"uv": [5.25, 0.75, 5.5, 1], "texture": "#0"},
				"east": {"uv": [5.5, 0.25, 5.75, 0.75], "rotation": 270, "texture": "#0"},
				"south": {"uv": [5.25, 0, 5.5, 0.25], "texture": "#0"},
				"west": {"uv": [5, 0.25, 5.25, 0.75], "rotation": 270, "texture": "#0"},
				"up": {"uv": [5.75, 0.25, 6, 0.75], "texture": "#0"},
				"down": {"uv": [5.25, 0.25, 5.5, 0.75], "texture": "#0"}
			},
			"to": [8.52896, 14.38976, 7.08416],
			"from": [7.85504, 13.71584, 5.73632],
			"rotation": {"angle": 0, "axis": "y", "origin": [2.46368, 5.29184, 2.36672]}
		},
		{
			"faces": {
				"north": {"uv": [0, 8, 8, 16], "texture": "#3"},
				"east": {"uv": [0, 8, 8, 16], "texture": "#3"},
				"south": {"uv": [0, 8, 8, 16], "texture": "#3"},
				"west": {"uv": [0, 8, 8, 16], "texture": "#3"},
				"up": {"uv": [0, 8, 8, 16], "texture": "#3"},
				"down": {"uv": [0, 8, 8, 16], "texture": "#3"}
			},
			"to": [7.727, 15.2726, 8.432],
			"from": [6.70264, 14.99629, 7.42112],
			"rotation": {"angle": 0, "axis": "y", "origin": [7.92243, 14.12019, 8.432]}
		},
		{
			"faces": {
				"north": {"uv": [8, 0, 16, 8], "texture": "#3"},
				"east": {"uv": [8, 0, 16, 8], "texture": "#3"},
				"south": {"uv": [8, 0, 16, 8], "texture": "#3"},
				"west": {"uv": [8, 0, 16, 8], "texture": "#3"},
				"up": {"uv": [8, 0, 16, 8], "texture": "#3"},
				"down": {"uv": [8, 0, 16, 8], "texture": "#3"}
			},
			"to": [7.72026, 15.26586, 8.432],
			"from": [6.70938, 14.25498, 7.5559],
			"rotation": {"angle": 0, "axis": "y", "origin": [7.92243, 14.12019, 8.432]}
		},
		{
			"faces": {
				"north": {"uv": [0, 8, 8, 16], "texture": "#3"},
				"east": {"uv": [0, 8, 8, 16], "texture": "#3"},
				"south": {"uv": [0, 8, 8, 16], "texture": "#3"},
				"west": {"uv": [0, 8, 8, 16], "texture": "#3"},
				"up": {"uv": [0, 8, 8, 16], "texture": "#3"},
				"down": {"uv": [0, 8, 8, 16], "texture": "#3"}
			},
			"to": [9.68136, 15.2726, 8.432],
			"from": [8.657, 14.99629, 7.42112],
			"rotation": {"angle": 0, "axis": "y", "origin": [7.85504, 14.12019, 8.432]}
		},
		{
			"faces": {
				"north": {"uv": [8, 0, 16, 8], "texture": "#3"},
				"east": {"uv": [8, 0, 16, 8], "texture": "#3"},
				"south": {"uv": [8, 0, 16, 8], "texture": "#3"},
				"west": {"uv": [8, 0, 16, 8], "texture": "#3"},
				"up": {"uv": [8, 0, 16, 8], "texture": "#3"},
				"down": {"uv": [8, 0, 16, 8], "texture": "#3"}
			},
			"to": [9.67462, 15.26586, 8.432],
			"from": [8.66374, 14.25498, 7.48851],
			"rotation": {"angle": 0, "axis": "y", "origin": [7.85504, 14.12019, 8.432]}
		}
	],
	"display": {
		"head": {
			"translation": [0, 5.6, 0],
			"scale": [4, 4, 4],
			"rotation": [0, 0, 0]
		}
	}
}