{
	"__credit": "Generated using Animated Java (https://animated-java.dev/)",
	"textures": {
		"0": "minecraft:fnaf/bonnie/default",
		"1": "minecraft:fnaf/bonnie/eye_default",
		"2": "minecraft:fnaf/white",
		"3": "minecraft:fnaf/bonnie/eye_creepy"
	},
	"elements": [
		{
			"faces": {
				"north": {"uv": [7.5, 3.5, 7, 3.75], "texture": "#0"},
				"east": {"uv": [7.5, 3.5, 7, 3.75], "texture": "#0"},
				"south": {"uv": [7, 3.5, 7.5, 3.75], "texture": "#0"},
				"west": {"uv": [7.5, 3.5, 7, 3.75], "texture": "#0"},
				"up": {"uv": [7.25, 3, 7.75, 3.5], "texture": "#0"},
				"down": {"uv": [7.25, 3, 7.75, 3.5], "texture": "#0"}
			},
			"to": [8.82378, 6.32062, 9.02269],
			"from": [7.22674, 5.5221, 7.42565],
			"rotation": {"angle": 0, "axis": "y", "origin": [7.626, 3.92506, 8.22417]}
		},
		{
			"faces": {
				"north": {"uv": [4.75, 2.75, 5.25, 3.5], "texture": "#0"},
				"east": {"uv": [4.75, 2.75, 6, 3.5], "texture": "#0"},
				"south": {"uv": [2.75, 2.75, 3, 3.25], "texture": "#0"},
				"west": {"uv": [4, 1.25, 4.25, 1.5], "texture": "#0"},
				"up": {"uv": [3, 2.5, 4.25, 2.75], "rotation": 90, "texture": "#0"},
				"down": {"uv": [3, 3.25, 4.25, 3.5], "rotation": 90, "texture": "#0"}
			},
			"to": [11.6186, 7.91766, 10.61973],
			"from": [10.02156, 5.5221, 6.62713],
			"rotation": {"angle": 0, "axis": "y", "origin": [7.626, 3.92506, 8.22417]}
		},
		{
			"faces": {
				"north": {"uv": [4.75, 2.75, 5.25, 3.5], "texture": "#0"},
				"east": {"uv": [4, 1.25, 4.25, 1.5], "texture": "#0"},
				"south": {"uv": [2.75, 2.75, 3, 3.25], "texture": "#0"},
				"west": {"uv": [3, 2.75, 4.25, 3.5], "texture": "#0"},
				"up": {"uv": [3, 2.5, 4.25, 2.75], "rotation": 90, "texture": "#0"},
				"down": {"uv": [3, 3.25, 4.25, 3.5], "rotation": 90, "texture": "#0"}
			},
			"to": [6.02896, 7.91766, 10.61973],
			"from": [4.43192, 5.5221, 6.62713],
			"rotation": {"angle": 0, "axis": "y", "origin": [7.626, 3.92506, 8.22417]}
		},
		{
			"faces": {
				"north": {"uv": [5, 3, 7.25, 3.5], "texture": "#0"},
				"east": {"uv": [4.75, 2.75, 5, 3.5], "texture": "#0"},
				"south": {"uv": [5, 2.75, 7.25, 3.5], "texture": "#0"},
				"west": {"uv": [4.75, 2.75, 5, 3.5], "texture": "#0"},
				"up": {"uv": [5, 2.5, 7.25, 3], "texture": "#0"},
				"down": {"uv": [4.5, 3.75, 6.75, 4], "texture": "#0"}
			},
			"to": [11.6186, 7.11914, 11.41825],
			"from": [4.43192, 4.72358, 10.61973],
			"rotation": {"angle": 0, "axis": "y", "origin": [7.626, 3.92506, 8.22417]}
		},
		{
			"faces": {
				"north": {"uv": [9.75, 1.75, 11, 2.25], "texture": "#0"},
				"east": {"uv": [9, 1.75, 9.5, 2.25], "texture": "#0"},
				"west": {"uv": [9, 1.25, 9.5, 1.75], "texture": "#0"},
				"up": {"uv": [9.75, 1.25, 11, 1.75], "texture": "#0"},
				"down": {"uv": [9.25, 2.25, 10.5, 2.75], "texture": "#0"}
			},
			"to": [10.02156, 7.11914, 6.62713],
			"from": [6.02896, 5.5221, 5.03009],
			"rotation": {"angle": 0, "axis": "y", "origin": [7.626, 3.92506, 8.22417]}
		},
		{
			"faces": {
				"north": {"uv": [5, 2.25, 5.25, 2.5], "texture": "#0"},
				"east": {"uv": [5, 2.25, 5.25, 2.5], "texture": "#0"},
				"south": {"uv": [5, 2.25, 5.25, 2.5], "texture": "#0"},
				"west": {"uv": [5, 2.25, 5.25, 2.5], "texture": "#0"},
				"up": {"uv": [5, 2.25, 5.25, 2.5], "texture": "#0"},
				"down": {"uv": [5, 2.25, 5.25, 2.5], "texture": "#0"}
			},
			"to": [8.42452, 7.5184, 6.62713],
			"from": [7.626, 6.71988, 5.82861],
			"rotation": {"angle": 0, "axis": "y", "origin": [7.626, 3.92506, 8.22417]}
		},
		{
			"faces": {
				"north": {"uv": [11.25, 2.5, 11.75, 2.75], "texture": "#0"},
				"east": {"uv": [11, 2.5, 11.25, 2.75], "texture": "#0"},
				"south": {"uv": [11.25, 2, 11.75, 2.25], "texture": "#0"},
				"west": {"uv": [11.75, 2.5, 12, 2.75], "texture": "#0"},
				"up": {"uv": [11.25, 2.25, 11.75, 2.5], "texture": "#0"},
				"down": {"uv": [11.75, 2, 12.25, 2.5], "texture": "#0"}
			},
			"to": [8.82378, 7.5184, 5.82861],
			"from": [7.22674, 6.71988, 5.10994],
			"rotation": {"angle": 0, "axis": "y", "origin": [7.626, 3.92506, 8.22417]}
		},
		{
			"faces": {
				"north": {"uv": [6.5, 0.5, 8.25, 1.5], "texture": "#0"},
				"east": {"uv": [8.5, 0.75, 8.75, 1.5], "texture": "#0"},
				"south": {"uv": [6.5, 0.75, 8.25, 1.5], "texture": "#0"},
				"west": {"uv": [6.25, 0.75, 6.5, 1.5], "texture": "#0"},
				"up": {"uv": [6.5, 0.25, 8.25, 0.5], "texture": "#0"},
				"down": {"uv": [0, 0, 7, 2], "texture": "#0"}
			},
			"to": [10.82008, 9.5147, 11.41825],
			"from": [5.23044, 7.11914, 10.61973],
			"rotation": {"angle": 0, "axis": "y", "origin": [7.626, 3.92506, 8.22417]}
		},
		{
			"faces": {
				"north": {"uv": [4.25, 1.5, 4.5, 2.25], "texture": "#0"},
				"east": {"uv": [3, 1.5, 4.25, 2.25], "texture": "#0"},
				"south": {"uv": [8.75, 1.5, 9, 2.5], "texture": "#0"},
				"west": {"uv": [4, 1.25, 4.25, 1.5], "texture": "#0"},
				"up": {"uv": [4.25, 0.25, 4.5, 1.5], "texture": "#0"},
				"down": {"uv": [3, 2.25, 4.25, 2.5], "rotation": 90, "texture": "#0"}
			},
			"to": [10.82008, 10.31322, 10.61973],
			"from": [10.02156, 7.91766, 6.62713],
			"rotation": {"angle": 0, "axis": "y", "origin": [7.626, 3.92506, 8.22417]}
		},
		{
			"faces": {
				"north": {"uv": [5, 1.75, 5.25, 2.25], "texture": "#0"},
				"east": {"uv": [4, 1.25, 4.25, 1.5], "texture": "#0"},
				"south": {"uv": [5, 1.75, 5.25, 2.25], "texture": "#0"},
				"west": {"uv": [4, 1.25, 4.25, 1.5], "texture": "#0"},
				"down": {"uv": [5, 2, 5.25, 2.25], "texture": "#0"}
			},
			"to": [8.42452, 8.71618, 7.42565],
			"from": [7.626, 7.11914, 6.62713],
			"rotation": {"angle": 0, "axis": "y", "origin": [7.626, 3.92506, 8.22417]}
		},
		{
			"faces": {
				"north": {"uv": [6, 2, 2, 6], "rotation": 90, "texture": "#2"},
				"east": {"uv": [2, 6, 6, 2], "texture": "#2"},
				"south": {"uv": [2, 6, 6, 2], "texture": "#2"},
				"west": {"uv": [2, 6, 6, 2], "texture": "#2"},
				"up": {"uv": [2, 6, 6, 2], "texture": "#2"},
				"down": {"uv": [2, 6, 6, 2], "texture": "#2"}
			},
			"to": [6.82748, 7.91766, 6.93855],
			"from": [6.74763, 7.83781, 6.93855],
			"rotation": {"angle": 0, "axis": "y", "origin": [7.626, 3.92506, 8.22417]}
		},
		{
			"faces": {
				"north": {"uv": [8, 0, 16, 8], "texture": "#3"},
				"east": {"uv": [8, 0, 16, 8], "texture": "#3"},
				"south": {"uv": [8, 0, 16, 8], "texture": "#3"},
				"west": {"uv": [8, 0, 16, 8], "texture": "#3"},
				"up": {"uv": [8, 0, 16, 8], "texture": "#3"},
				"down": {"uv": [8, 0, 16, 8], "texture": "#3"}
			},
			"to": [9.782, 8.47662, 8.22417],
			"from": [8.58422, 7.27884, 7.02639],
			"rotation": {"angle": 0, "axis": "y", "origin": [10.02156, 3.92506, 8.22417]}
		},
		{
			"faces": {
				"north": {"uv": [8, 0, 16, 8], "texture": "#3"},
				"east": {"uv": [8, 0, 16, 8], "texture": "#3"},
				"south": {"uv": [8, 0, 16, 8], "texture": "#3"},
				"west": {"uv": [8, 0, 16, 8], "texture": "#3"},
				"up": {"uv": [8, 0, 16, 8], "texture": "#3"},
				"down": {"uv": [8, 0, 16, 8], "texture": "#3"}
			},
			"to": [7.38644, 8.47662, 8.22417],
			"from": [6.18866, 7.27884, 7.02639],
			"rotation": {"angle": 0, "axis": "y", "origin": [7.626, 3.92506, 8.22417]}
		},
		{
			"faces": {
				"north": {"uv": [0, 8.75, 7.85, 16], "texture": "#1"},
				"east": {"uv": [0, 8.75, 7.85, 16], "texture": "#1"},
				"south": {"uv": [0, 8.75, 7.85, 16], "texture": "#1"},
				"west": {"uv": [0, 8.75, 7.85, 16], "texture": "#1"},
				"up": {"uv": [0, 8.75, 7.85, 16], "texture": "#1"},
				"down": {"uv": [0, 8.75, 7.85, 16], "texture": "#1"}
			},
			"to": [9.78999, 8.48461, 8.25611],
			"from": [8.57624, 8.15721, 6.97847],
			"rotation": {"angle": 0, "axis": "y", "origin": [10.02156, 3.92506, 8.22417]}
		},
		{
			"faces": {
				"north": {"uv": [0, 8.75, 7.85, 16], "texture": "#1"},
				"east": {"uv": [0, 8.75, 7.85, 16], "texture": "#1"},
				"south": {"uv": [0, 8.75, 7.85, 16], "texture": "#1"},
				"west": {"uv": [0, 8.75, 7.85, 16], "texture": "#1"},
				"up": {"uv": [0, 8.75, 7.85, 16], "texture": "#1"},
				"down": {"uv": [0, 8.75, 7.85, 16], "texture": "#1"}
			},
			"to": [7.39443, 8.48461, 8.25611],
			"from": [6.18068, 8.15721, 6.97847],
			"rotation": {"angle": 0, "axis": "y", "origin": [7.626, 3.92506, 8.22417]}
		},
		{
			"faces": {
				"north": {"uv": [6, 2, 2, 6], "rotation": 90, "texture": "#2"},
				"east": {"uv": [2, 6, 6, 2], "texture": "#2"},
				"south": {"uv": [2, 6, 6, 2], "texture": "#2"},
				"west": {"uv": [2, 6, 6, 2], "texture": "#2"},
				"up": {"uv": [2, 6, 6, 2], "texture": "#2"},
				"down": {"uv": [2, 6, 6, 2], "texture": "#2"}
			},
			"to": [9.22304, 7.91766, 6.93855],
			"from": [9.14319, 7.83781, 6.93855],
			"rotation": {"angle": 0, "axis": "y", "origin": [10.02156, 3.92506, 8.22417]}
		},
		{
			"faces": {
				"north": {"uv": [4.5, 1.5, 5.75, 2], "texture": "#0"},
				"south": {"uv": [7.5, 1.5, 8.75, 2], "texture": "#0"},
				"up": {"uv": [4.5, 0.25, 5.75, 1.5], "rotation": 180, "texture": "#0"},
				"down": {"uv": [4, 1.25, 4.25, 1.5], "texture": "#0"}
			},
			"to": [10.02156, 10.31322, 10.61973],
			"from": [6.02896, 8.71618, 6.62713],
			"rotation": {"angle": 0, "axis": "y", "origin": [7.626, 3.92506, 8.22417]}
		},
		{
			"faces": {
				"north": {"uv": [4.5, 1.75, 5.75, 2], "texture": "#0"},
				"south": {"uv": [7.5, 1.5, 8.75, 2], "texture": "#0"},
				"up": {"uv": [4, 1.25, 4.25, 1.5], "rotation": 180, "texture": "#0"},
				"down": {"uv": [4.5, 1.75, 5.75, 2], "texture": "#0"}
			},
			"to": [10.02156, 7.11914, 7.42565],
			"from": [6.02896, 6.32062, 6.62713],
			"rotation": {"angle": 0, "axis": "y", "origin": [7.626, 3.92506, 8.22417]}
		},
		{
			"faces": {
				"north": {"uv": [5.75, 1.5, 6, 2.25], "texture": "#0"},
				"east": {"uv": [3.75, 1.25, 4, 1.5], "texture": "#0"},
				"south": {"uv": [7.25, 1.5, 7.5, 2.25], "texture": "#0"},
				"west": {"uv": [6, 1.5, 7.25, 2.25], "texture": "#0"},
				"up": {"uv": [5.75, 0.25, 6, 1.5], "texture": "#0"},
				"down": {"uv": [6, 1.5, 6.25, 2.5], "texture": "#0"}
			},
			"to": [6.02896, 10.31322, 10.61973],
			"from": [5.23044, 7.91766, 6.62713],
			"rotation": {"angle": 0, "axis": "y", "origin": [7.626, 3.92506, 8.22417]}
		},
		{
			"faces": {
				"north": {"uv": [7.25, 2.5, 8.25, 3.5], "texture": "#0"},
				"east": {"uv": [7.25, 2.5, 7.5, 3.5], "texture": "#0"},
				"south": {"uv": [7.25, 2.5, 8.25, 3.5], "texture": "#0"},
				"west": {"uv": [7.25, 2.5, 7.5, 3.5], "texture": "#0"},
				"up": {"uv": [7.25, 2.5, 8.25, 2.75], "texture": "#0"},
				"down": {"uv": [7.25, 3.25, 8.25, 3.5], "texture": "#0"}
			},
			"to": [9.6223, 8.72416, 9.02269],
			"from": [6.42822, 5.53008, 8.22417],
			"rotation": {"angle": 0, "axis": "y", "origin": [7.626, 3.92506, 8.22417]}
		}
	],
	"display": {
		"head": {
			"translation": [0, 5.6, 0],
			"scale": [4, 4, 4],
			"rotation": [0, 0, 0]
		}
	}
}