{
	"__credit": "Generated using Animated Java (https://animated-java.dev/)",
	"textures": {
		"0": "minecraft:fnaf/bonnie/default"
	},
	"elements": [
		{
			"faces": {
				"north": {"uv": [11.25, 0.5, 13.25, 1], "texture": "#0"},
				"east": {"uv": [10.75, 0.5, 11.25, 1], "texture": "#0"},
				"south": {"uv": [11.25, 0.5, 13.25, 1], "texture": "#0"},
				"west": {"uv": [10.75, 0, 11.25, 0.5], "texture": "#0"},
				"up": {"uv": [11.25, 0, 12.5, 0.5], "texture": "#0"},
				"down": {"uv": [11.25, 1, 13.25, 1.5], "texture": "#0"}
			},
			"to": [11.69934, 0.93325, 8.66916],
			"from": [5.31118, -0.6638, 7.07212],
			"rotation": {"angle": 0, "axis": "y", "origin": [8.106, -0.6638, 6.2736]}
		},
		{
			"faces": {
				"north": {"uv": [12.5, 0, 14, 0.5], "texture": "#0"},
				"east": {"uv": [13, 1.5, 13.75, 2], "texture": "#0"},
				"south": {"uv": [12.5, 0.5, 14, 1], "texture": "#0"},
				"west": {"uv": [12.5, 1, 13.25, 1.5], "texture": "#0"},
				"up": {"uv": [14, 0, 15.5, 0.75], "texture": "#0"},
				"down": {"uv": [14, 1.25, 15.5, 2.5], "texture": "#0"}
			},
			"to": [10.90082, 0.13473, 5.47508],
			"from": [6.1097, -1.46232, 3.07952],
			"rotation": {"angle": 0, "axis": "y", "origin": [8.106, -0.6638, 6.2736]}
		},
		{
			"faces": {
				"north": {"uv": [12.5, 0.25, 14, 0.5], "texture": "#0"},
				"east": {"uv": [12.5, 1.75, 13, 2], "texture": "#0"},
				"south": {"uv": [12.5, 0.5, 14, 1], "texture": "#0"},
				"west": {"uv": [13.25, 1.25, 13.75, 1.5], "texture": "#0"},
				"up": {"uv": [14, 0.75, 16, 1.25], "texture": "#0"},
				"down": {"uv": [14, 2, 15.5, 2.5], "texture": "#0"}
			},
			"to": [11.69934, 0.13473, 7.07212],
			"from": [5.31118, -0.6638, 5.47508],
			"rotation": {"angle": 0, "axis": "y", "origin": [8.106, -0.6638, 6.2736]}
		},
		{
			"faces": {
				"north": {"uv": [7.5, 3.5, 7.75, 3.75], "texture": "#0"},
				"east": {"uv": [7.5, 3.5, 8, 3.75], "rotation": 180, "texture": "#0"},
				"south": {"uv": [7.75, 3.5, 8, 3.75], "texture": "#0"},
				"west": {"uv": [7.5, 3.5, 8, 3.75], "texture": "#0"},
				"up": {"uv": [7.5, 3.5, 8, 3.75], "rotation": 90, "texture": "#0"},
				"down": {"uv": [7.5, 3.5, 8, 3.75], "rotation": 90, "texture": "#0"}
			},
			"to": [7.70674, 0.93325, 5.47508],
			"from": [6.90822, 0.13473, 3.87804],
			"rotation": {"angle": 0, "axis": "y", "origin": [8.106, -0.6638, 6.2736]}
		},
		{
			"faces": {
				"north": {"uv": [7.5, 3.5, 7.75, 3.75], "texture": "#0"},
				"east": {"uv": [7.5, 3.5, 8, 3.75], "rotation": 180, "texture": "#0"},
				"south": {"uv": [7.75, 3.5, 8, 3.75], "texture": "#0"},
				"west": {"uv": [7.5, 3.5, 8, 3.75], "texture": "#0"},
				"up": {"uv": [7.5, 3.5, 8, 3.75], "rotation": 90, "texture": "#0"},
				"down": {"uv": [7.5, 3.5, 8, 3.75], "rotation": 90, "texture": "#0"}
			},
			"to": [10.1023, 0.93325, 5.47508],
			"from": [9.30378, 0.13473, 3.87804],
			"rotation": {"angle": 0, "axis": "y", "origin": [9.70304, 0.13473, 3.87804]}
		},
		{
			"faces": {
				"north": {"uv": [7.5, 3.5, 7.75, 3.75], "texture": "#0"},
				"east": {"uv": [7.5, 3.5, 8, 3.75], "rotation": 180, "texture": "#0"},
				"south": {"uv": [7.75, 3.5, 8, 3.75], "texture": "#0"},
				"west": {"uv": [7.5, 3.5, 8, 3.75], "texture": "#0"},
				"up": {"uv": [7.5, 3.5, 8, 3.75], "rotation": 90, "texture": "#0"},
				"down": {"uv": [7.5, 3.5, 8, 3.75], "rotation": 90, "texture": "#0"}
			},
			"to": [10.90082, 0.93325, 7.07212],
			"from": [10.1023, 0.13473, 5.47508],
			"rotation": {"angle": 0, "axis": "y", "origin": [9.70304, 0.13473, 3.87804]}
		},
		{
			"faces": {
				"north": {"uv": [7.5, 3.5, 7.75, 3.75], "texture": "#0"},
				"east": {"uv": [7.5, 3.5, 8, 3.75], "rotation": 180, "texture": "#0"},
				"south": {"uv": [7.75, 3.5, 8, 3.75], "texture": "#0"},
				"west": {"uv": [7.5, 3.5, 8, 3.75], "texture": "#0"},
				"up": {"uv": [7.5, 3.5, 8, 3.75], "rotation": 90, "texture": "#0"},
				"down": {"uv": [7.5, 3.5, 8, 3.75], "rotation": 90, "texture": "#0"}
			},
			"to": [6.90822, 0.93325, 7.07212],
			"from": [6.1097, 0.13473, 5.47508],
			"rotation": {"angle": 0, "axis": "y", "origin": [9.70304, 0.13473, 3.87804]}
		}
	],
	"display": {
		"head": {
			"translation": [0, 5.6, 0],
			"scale": [4, 4, 4],
			"rotation": [0, 0, 0]
		}
	}
}