{
	"__credit": "Generated using Animated Java (https://animated-java.dev/)",
	"textures": {
		"0": "minecraft:fnaf/foxy",
		"10": "minecraft:fnaf/freddy_gameover"
	},
	"elements": [
		{
			"faces": {
				"north": {"uv": [11.25, 0.5, 12.5, 1], "texture": "#10"},
				"east": {"uv": [10.75, 0.5, 11.25, 1], "texture": "#10"},
				"south": {"uv": [11.25, 0.5, 12.5, 1], "texture": "#10"},
				"west": {"uv": [10.75, 0, 11.25, 0.5], "texture": "#10"},
				"up": {"uv": [11.25, 0, 12.5, 0.5], "texture": "#10"},
				"down": {"uv": [11.25, 1, 12.5, 1.5], "texture": "#10"}
			},
			"to": [9.8144, 5.5568, 9.3344],
			"from": [6.1856, 4.3472, 8.1248],
			"rotation": {"angle": 0, "axis": "y", "origin": [7.6976, 4.3472, 8.1248]}
		},
		{
			"faces": {
				"north": {"uv": [12.5, 0, 14, 0.5], "texture": "#10"},
				"east": {"uv": [12.5, 1.5, 13.75, 2], "texture": "#10"},
				"south": {"uv": [12.5, 0.5, 14, 1], "texture": "#10"},
				"west": {"uv": [12.5, 1, 13.75, 1.5], "texture": "#10"},
				"up": {"uv": [14, 0, 15.5, 1.25], "texture": "#10"},
				"down": {"uv": [14, 1.25, 15.5, 2.5], "texture": "#10"}
			},
			"to": [9.8144, 4.952, 8.1248],
			"from": [6.1856, 3.7424, 5.1008],
			"rotation": {"angle": 0, "axis": "y", "origin": [7.6976, 4.3472, 8.1248]}
		},
		{
			"faces": {
				"north": {"uv": [8, 3.5, 8.25, 3.75], "texture": "#10"},
				"east": {"uv": [8.25, 3.5, 7.75, 3.75], "texture": "#10"},
				"south": {"uv": [8, 3.5, 8.25, 3.75], "texture": "#10"},
				"west": {"uv": [7.75, 3.5, 8.25, 3.75], "texture": "#10"},
				"up": {"uv": [8, 3.5, 8.25, 3.75], "texture": "#10"},
				"down": {"uv": [8, 3.5, 8.25, 3.75], "texture": "#10"}
			},
			"to": [6.488, 5.5568, 6.7904],
			"from": [6.488, 4.952, 5.7056],
			"rotation": {"angle": 0, "axis": "y", "origin": [7.6976, 4.3472, 8.1248]}
		},
		{
			"faces": {
				"north": {"uv": [7.75, 3.5, 8.25, 3.75], "texture": "#10"},
				"east": {"uv": [8.25, 3.5, 7.75, 3.75], "texture": "#10"},
				"south": {"uv": [7.75, 3.5, 8.25, 3.75], "texture": "#10"},
				"west": {"uv": [7.75, 3.5, 8.25, 3.75], "texture": "#10"},
				"up": {"uv": [8, 3.5, 8.25, 3.75], "texture": "#10"},
				"down": {"uv": [8, 3.5, 8.25, 3.75], "texture": "#10"}
			},
			"to": [9.512, 5.5568, 6.7904],
			"from": [9.512, 4.952, 5.7056],
			"rotation": {"angle": 0, "axis": "y", "origin": [7.6976, 4.3472, 8.1248]}
		},
		{
			"faces": {
				"north": {"uv": [7.5, 3.75, 8, 4], "texture": "#10"},
				"east": {"uv": [0, 0, 0, 1], "texture": "#10"},
				"south": {"uv": [7.5, 3.5, 8, 3.75], "texture": "#10"},
				"west": {"uv": [0, 0, 0, 1], "texture": "#10"},
				"up": {"uv": [0, 0, 2, 0], "texture": "#10"},
				"down": {"uv": [0, 0, 2, 0], "texture": "#10"}
			},
			"to": [7.6976, 5.5568, 5.7056],
			"from": [6.488, 4.952, 5.7056],
			"rotation": {"angle": 0, "axis": "y", "origin": [7.6976, 4.3472, 8.1248]}
		},
		{
			"faces": {
				"north": {"uv": [7.5, 3.5, 8, 3.75], "texture": "#10"},
				"east": {"uv": [0, 0, 0, 1], "texture": "#10"},
				"south": {"uv": [7.5, 3.5, 8, 3.75], "texture": "#10"},
				"west": {"uv": [0, 0, 0, 1], "texture": "#10"},
				"up": {"uv": [0, 0, 2, 0], "texture": "#10"},
				"down": {"uv": [0, 0, 2, 0], "texture": "#10"}
			},
			"to": [9.512, 5.5568, 5.7056],
			"from": [8.3024, 4.952, 5.7056],
			"rotation": {"angle": 0, "axis": "y", "origin": [7.6976, 4.3472, 8.1248]}
		},
		{
			"faces": {
				"north": {"uv": [2, 1, 2.5, 1.25], "texture": "#0"},
				"east": {"uv": [2, 1, 2.5, 1.25], "texture": "#0"},
				"south": {"uv": [2, 1, 2.5, 1.25], "texture": "#0"},
				"west": {"uv": [2, 1, 2.5, 1.25], "texture": "#0"},
				"up": {"uv": [2, 0.5, 2.5, 1], "texture": "#0"},
				"down": {"uv": [2, 0.5, 2.5, 1], "texture": "#0"}
			},
			"to": [8.5952, 4.9712, 8.144],
			"from": [7.4048, 4.376, 6.9536],
			"rotation": {"angle": 0, "axis": "y", "origin": [7.7024, 4.376, 8.144]}
		}
	],
	"display": {
		"head": {
			"translation": [0, 5.6, 0],
			"scale": [4, 4, 4],
			"rotation": [0, 0, 0]
		}
	}
}