{
	"__credit": "Generated using Animated Java (https://animated-java.dev/)",
	"textures": {
		"0": "minecraft:fnaf/bonnie/default"
	},
	"elements": [
		{
			"faces": {
				"north": {"uv": [11.25, 0.5, 13.25, 1], "texture": "#0"},
				"east": {"uv": [10.75, 0.5, 11.25, 1], "texture": "#0"},
				"south": {"uv": [11.25, 0.5, 13.25, 1], "texture": "#0"},
				"west": {"uv": [10.75, 0, 11.25, 0.5], "texture": "#0"},
				"up": {"uv": [11.25, 0, 12.5, 0.5], "texture": "#0"},
				"down": {"uv": [11.25, 1, 13.25, 1.5], "texture": "#0"}
			},
			"to": [10.63642, 5.61019, 4.67474],
			"from": [5.72244, 4.3817, 3.44625],
			"rotation": {"angle": 0, "axis": "y", "origin": [7.87231, 4.3817, 2.832]}
		},
		{
			"faces": {
				"north": {"uv": [7, 3.5, 7.5, 3.75], "texture": "#0"},
				"east": {"uv": [7, 3.5, 7.5, 3.75], "texture": "#0"},
				"south": {"uv": [7, 3.5, 7.5, 3.75], "texture": "#0"},
				"west": {"uv": [7, 3.5, 7.5, 3.75], "texture": "#0"},
				"up": {"uv": [7.25, 3, 7.75, 3.5], "texture": "#0"},
				"down": {"uv": [7, 3.5, 7.5, 3.75], "texture": "#0"}
			},
			"to": [8.79368, 5.61019, 3.44625],
			"from": [7.56518, 4.99594, 2.21775],
			"rotation": {"angle": 0, "axis": "y", "origin": [7.87231, 4.3817, 2.832]}
		},
		{
			"faces": {
				"north": {"uv": [12.5, 0, 14, 0.5], "texture": "#0"},
				"east": {"uv": [13, 1.5, 13.75, 2], "texture": "#0"},
				"south": {"uv": [12.5, 0.5, 14, 1], "texture": "#0"},
				"west": {"uv": [12.5, 1, 13.25, 1.5], "texture": "#0"},
				"up": {"uv": [14, 0, 15.5, 0.75], "texture": "#0"},
				"down": {"uv": [14, 1.25, 15.5, 2.5], "texture": "#0"}
			},
			"to": [10.02217, 4.99594, 2.21775],
			"from": [6.33669, 3.76745, 0.37501],
			"rotation": {"angle": 0, "axis": "y", "origin": [7.87231, 4.3817, 2.832]}
		},
		{
			"faces": {
				"north": {"uv": [12.5, 0.25, 14, 0.5], "texture": "#0"},
				"east": {"uv": [12.5, 1.75, 13, 2], "texture": "#0"},
				"south": {"uv": [12.5, 0.5, 14, 1], "texture": "#0"},
				"west": {"uv": [13.25, 1.25, 13.75, 1.5], "texture": "#0"},
				"up": {"uv": [14, 0.75, 16, 1.25], "texture": "#0"},
				"down": {"uv": [14, 2, 15.5, 2.5], "texture": "#0"}
			},
			"to": [10.63642, 4.99594, 3.44625],
			"from": [5.72244, 4.3817, 2.21775],
			"rotation": {"angle": 0, "axis": "y", "origin": [7.87231, 4.3817, 2.832]}
		},
		{
			"faces": {
				"north": {"uv": [7.5, 3.5, 7.75, 3.75], "texture": "#0"},
				"east": {"uv": [7.5, 3.5, 8, 3.75], "rotation": 180, "texture": "#0"},
				"south": {"uv": [7.75, 3.5, 8, 3.75], "texture": "#0"},
				"west": {"uv": [7.5, 3.5, 8, 3.75], "texture": "#0"},
				"up": {"uv": [7.5, 3.5, 8, 3.75], "rotation": 90, "texture": "#0"},
				"down": {"uv": [7.5, 3.5, 8, 3.75], "rotation": 90, "texture": "#0"}
			},
			"to": [7.56518, 5.61019, 2.21775],
			"from": [6.95094, 4.99594, 0.98926],
			"rotation": {"angle": 0, "axis": "y", "origin": [7.87231, 4.3817, 2.832]}
		},
		{
			"faces": {
				"north": {"uv": [7.5, 3.5, 7.75, 3.75], "texture": "#0"},
				"east": {"uv": [7.5, 3.5, 8, 3.75], "rotation": 180, "texture": "#0"},
				"south": {"uv": [7.75, 3.5, 8, 3.75], "texture": "#0"},
				"west": {"uv": [7.5, 3.5, 8, 3.75], "texture": "#0"},
				"up": {"uv": [7.5, 3.5, 8, 3.75], "rotation": 90, "texture": "#0"},
				"down": {"uv": [7.5, 3.5, 8, 3.75], "rotation": 90, "texture": "#0"}
			},
			"to": [9.40792, 5.61019, 2.21775],
			"from": [8.79368, 4.99594, 0.98926],
			"rotation": {"angle": 0, "axis": "y", "origin": [9.1008, 4.99594, 0.98926]}
		},
		{
			"faces": {
				"north": {"uv": [7.5, 3.5, 7.75, 3.75], "texture": "#0"},
				"east": {"uv": [7.5, 3.5, 8, 3.75], "rotation": 180, "texture": "#0"},
				"south": {"uv": [7.75, 3.5, 8, 3.75], "texture": "#0"},
				"west": {"uv": [7.5, 3.5, 8, 3.75], "texture": "#0"},
				"up": {"uv": [7.5, 3.5, 8, 3.75], "rotation": 90, "texture": "#0"},
				"down": {"uv": [7.5, 3.5, 8, 3.75], "rotation": 90, "texture": "#0"}
			},
			"to": [10.02217, 5.61019, 3.44625],
			"from": [9.40792, 4.99594, 2.21775],
			"rotation": {"angle": 0, "axis": "y", "origin": [9.1008, 4.99594, 0.98926]}
		},
		{
			"faces": {
				"north": {"uv": [7.5, 3.5, 7.75, 3.75], "texture": "#0"},
				"east": {"uv": [7.5, 3.5, 8, 3.75], "rotation": 180, "texture": "#0"},
				"south": {"uv": [7.75, 3.5, 8, 3.75], "texture": "#0"},
				"west": {"uv": [7.5, 3.5, 8, 3.75], "texture": "#0"},
				"up": {"uv": [7.5, 3.5, 8, 3.75], "rotation": 90, "texture": "#0"},
				"down": {"uv": [7.5, 3.5, 8, 3.75], "rotation": 90, "texture": "#0"}
			},
			"to": [6.95094, 5.61019, 3.44625],
			"from": [6.33669, 4.99594, 2.21775],
			"rotation": {"angle": 0, "axis": "y", "origin": [9.1008, 4.99594, 0.98926]}
		}
	],
	"display": {
		"head": {
			"translation": [0, 5.6, 0],
			"scale": [4, 4, 4],
			"rotation": [0, 0, 0]
		}
	}
}