{
	"__credit": "Generated using Animated Java (https://animated-java.dev/)",
	"textures": {
		"0": "minecraft:fnaf/bonnie/default"
	},
	"elements": [
		{
			"faces": {
				"north": {"uv": [11.25, 0.5, 13.25, 1], "texture": "#0"},
				"east": {"uv": [10.75, 0.5, 11.25, 1], "texture": "#0"},
				"south": {"uv": [11.25, 0.5, 13.25, 1], "texture": "#0"},
				"west": {"uv": [10.75, 0, 11.25, 0.5], "texture": "#0"},
				"up": {"uv": [11.25, 0, 12.5, 0.5], "texture": "#0"},
				"down": {"uv": [11.25, 1, 13.25, 1.5], "texture": "#0"}
			},
			"to": [8.15642, 5.53019, 8.83474],
			"from": [3.24244, 4.3017, 7.60625],
			"rotation": {"angle": 0, "axis": "y", "origin": [5.39231, 4.3017, 6.992]}
		},
		{
			"faces": {
				"north": {"uv": [7, 3.5, 7.5, 3.75], "texture": "#0"},
				"east": {"uv": [7, 3.5, 7.5, 3.75], "texture": "#0"},
				"south": {"uv": [7, 3.5, 7.5, 3.75], "texture": "#0"},
				"west": {"uv": [7, 3.5, 7.5, 3.75], "texture": "#0"},
				"up": {"uv": [7.25, 3, 7.75, 3.5], "texture": "#0"},
				"down": {"uv": [7, 3.5, 7.5, 3.75], "texture": "#0"}
			},
			"to": [6.31368, 5.53019, 7.60625],
			"from": [5.08518, 4.91594, 6.37775],
			"rotation": {"angle": 0, "axis": "y", "origin": [5.39231, 4.3017, 6.992]}
		},
		{
			"faces": {
				"north": {"uv": [12.5, 0, 14, 0.5], "texture": "#0"},
				"east": {"uv": [13, 1.5, 13.75, 2], "texture": "#0"},
				"south": {"uv": [12.5, 0.5, 14, 1], "texture": "#0"},
				"west": {"uv": [12.5, 1, 13.25, 1.5], "texture": "#0"},
				"up": {"uv": [14, 0, 15.5, 0.75], "texture": "#0"},
				"down": {"uv": [14, 1.25, 15.5, 2.5], "texture": "#0"}
			},
			"to": [7.54217, 4.91594, 6.37775],
			"from": [3.85669, 3.68745, 4.53501],
			"rotation": {"angle": 0, "axis": "y", "origin": [5.39231, 4.3017, 6.992]}
		},
		{
			"faces": {
				"north": {"uv": [12.5, 0.25, 14, 0.5], "texture": "#0"},
				"east": {"uv": [12.5, 1.75, 13, 2], "texture": "#0"},
				"south": {"uv": [12.5, 0.5, 14, 1], "texture": "#0"},
				"west": {"uv": [13.25, 1.25, 13.75, 1.5], "texture": "#0"},
				"up": {"uv": [14, 0.75, 16, 1.25], "texture": "#0"},
				"down": {"uv": [14, 2, 15.5, 2.5], "texture": "#0"}
			},
			"to": [8.15642, 4.91594, 7.60625],
			"from": [3.24244, 4.3017, 6.37775],
			"rotation": {"angle": 0, "axis": "y", "origin": [5.39231, 4.3017, 6.992]}
		},
		{
			"faces": {
				"north": {"uv": [7.5, 3.5, 7.75, 3.75], "texture": "#0"},
				"east": {"uv": [7.5, 3.5, 8, 3.75], "rotation": 180, "texture": "#0"},
				"south": {"uv": [7.75, 3.5, 8, 3.75], "texture": "#0"},
				"west": {"uv": [7.5, 3.5, 8, 3.75], "texture": "#0"},
				"up": {"uv": [7.5, 3.5, 8, 3.75], "rotation": 90, "texture": "#0"},
				"down": {"uv": [7.5, 3.5, 8, 3.75], "rotation": 90, "texture": "#0"}
			},
			"to": [5.08518, 5.53019, 6.37775],
			"from": [4.47094, 4.91594, 5.14926],
			"rotation": {"angle": 0, "axis": "y", "origin": [5.39231, 4.3017, 6.992]}
		},
		{
			"faces": {
				"north": {"uv": [7.5, 3.5, 7.75, 3.75], "texture": "#0"},
				"east": {"uv": [7.5, 3.5, 8, 3.75], "rotation": 180, "texture": "#0"},
				"south": {"uv": [7.75, 3.5, 8, 3.75], "texture": "#0"},
				"west": {"uv": [7.5, 3.5, 8, 3.75], "texture": "#0"},
				"up": {"uv": [7.5, 3.5, 8, 3.75], "rotation": 90, "texture": "#0"},
				"down": {"uv": [7.5, 3.5, 8, 3.75], "rotation": 90, "texture": "#0"}
			},
			"to": [6.92792, 5.53019, 6.37775],
			"from": [6.31368, 4.91594, 5.14926],
			"rotation": {"angle": 0, "axis": "y", "origin": [6.6208, 4.91594, 5.14926]}
		},
		{
			"faces": {
				"north": {"uv": [7.5, 3.5, 7.75, 3.75], "texture": "#0"},
				"east": {"uv": [7.5, 3.5, 8, 3.75], "rotation": 180, "texture": "#0"},
				"south": {"uv": [7.75, 3.5, 8, 3.75], "texture": "#0"},
				"west": {"uv": [7.5, 3.5, 8, 3.75], "texture": "#0"},
				"up": {"uv": [7.5, 3.5, 8, 3.75], "rotation": 90, "texture": "#0"},
				"down": {"uv": [7.5, 3.5, 8, 3.75], "rotation": 90, "texture": "#0"}
			},
			"to": [7.54217, 5.53019, 7.60625],
			"from": [6.92792, 4.91594, 6.37775],
			"rotation": {"angle": 0, "axis": "y", "origin": [6.6208, 4.91594, 5.14926]}
		},
		{
			"faces": {
				"north": {"uv": [7.5, 3.5, 7.75, 3.75], "texture": "#0"},
				"east": {"uv": [7.5, 3.5, 8, 3.75], "rotation": 180, "texture": "#0"},
				"south": {"uv": [7.75, 3.5, 8, 3.75], "texture": "#0"},
				"west": {"uv": [7.5, 3.5, 8, 3.75], "texture": "#0"},
				"up": {"uv": [7.5, 3.5, 8, 3.75], "rotation": 90, "texture": "#0"},
				"down": {"uv": [7.5, 3.5, 8, 3.75], "rotation": 90, "texture": "#0"}
			},
			"to": [4.47094, 5.53019, 7.60625],
			"from": [3.85669, 4.91594, 6.37775],
			"rotation": {"angle": 0, "axis": "y", "origin": [6.6208, 4.91594, 5.14926]}
		}
	],
	"display": {
		"head": {
			"translation": [0, 5.6, 0],
			"scale": [4, 4, 4],
			"rotation": [0, 0, 0]
		}
	}
}