{
	"__credit": "Generated using Animated Java (https://animated-java.dev/)",
	"textures": {
		"0": "minecraft:fnaf/chica/default"
	},
	"elements": [
		{
			"faces": {
				"north": {"uv": [3.25, 1.25, 4, 1.5], "texture": "#0"},
				"east": {"uv": [4, 1.5, 4.25, 2.25], "rotation": 90, "texture": "#0"},
				"south": {"uv": [3.25, 2.25, 4, 2.5], "texture": "#0"},
				"west": {"uv": [3, 1.5, 3.25, 2.25], "rotation": 90, "texture": "#0"},
				"up": {"uv": [3.25, 1.5, 4, 2.25], "texture": "#0"},
				"down": {"uv": [4.25, 1.5, 5, 2.25], "texture": "#0"}
			},
			"to": [9.21568, 5.18016, 7.99136],
			"from": [7.19392, 4.50624, 5.9696],
			"rotation": {"angle": 0, "axis": "y", "origin": [7.86784, 4.8432, 7.6544]}
		}
	],
	"display": {
		"head": {
			"translation": [0, 5.6, 0],
			"scale": [4, 4, 4],
			"rotation": [0, 0, 0]
		}
	}
}