{
	"__credit": "Generated using Animated Java (https://animated-java.dev/)",
	"textures": {
		"0": "minecraft:fnaf/freddy/freddy"
	},
	"elements": [
		{
			"faces": {
				"north": {"uv": [11.25, 0.5, 12.5, 1], "texture": "#0"},
				"east": {"uv": [10.75, 0.5, 11.25, 1], "texture": "#0"},
				"south": {"uv": [11.25, 0.5, 12.5, 1], "texture": "#0"},
				"west": {"uv": [10.75, 0, 11.25, 0.5], "texture": "#0"},
				"up": {"uv": [11.25, 0, 12.5, 0.5], "texture": "#0"},
				"down": {"uv": [11.25, 1, 12.5, 1.5], "texture": "#0"}
			},
			"to": [10.0544, 4.1888, 9.0944],
			"from": [5.9456, 2.9792, 7.8848],
			"rotation": {"angle": 0, "axis": "y", "origin": [7.6976, 2.9792, 7.8848]}
		},
		{
			"faces": {
				"north": {"uv": [12.5, 0, 14, 0.5], "texture": "#0"},
				"east": {"uv": [12.5, 1.5, 13.75, 2], "texture": "#0"},
				"south": {"uv": [12.5, 0.5, 14, 1], "texture": "#0"},
				"west": {"uv": [12.5, 1, 13.75, 1.5], "texture": "#0"},
				"up": {"uv": [14, 0, 15.5, 1.25], "texture": "#0"},
				"down": {"uv": [14, 1.25, 15.5, 2.5], "texture": "#0"}
			},
			"to": [10.0544, 3.584, 7.8848],
			"from": [5.9456, 2.3744, 4.8608],
			"rotation": {"angle": 0, "axis": "y", "origin": [7.6976, 2.9792, 7.8848]}
		},
		{
			"faces": {
				"north": {"uv": [8, 3.5, 8.25, 3.75], "texture": "#0"},
				"east": {"uv": [8.25, 3.5, 7.75, 3.75], "texture": "#0"},
				"south": {"uv": [8, 3.5, 8.25, 3.75], "texture": "#0"},
				"west": {"uv": [7.75, 3.5, 8.25, 3.75], "texture": "#0"},
				"up": {"uv": [8, 3.5, 8.25, 3.75], "texture": "#0"},
				"down": {"uv": [8, 3.5, 8.25, 3.75], "texture": "#0"}
			},
			"to": [6.488, 4.1888, 6.5504],
			"from": [6.488, 3.584, 5.4656],
			"rotation": {"angle": 0, "axis": "y", "origin": [7.6976, 2.9792, 7.8848]}
		},
		{
			"faces": {
				"north": {"uv": [7.75, 3.5, 8.25, 3.75], "texture": "#0"},
				"east": {"uv": [8.25, 3.5, 7.75, 3.75], "texture": "#0"},
				"south": {"uv": [7.75, 3.5, 8.25, 3.75], "texture": "#0"},
				"west": {"uv": [7.75, 3.5, 8.25, 3.75], "texture": "#0"},
				"up": {"uv": [8, 3.5, 8.25, 3.75], "texture": "#0"},
				"down": {"uv": [8, 3.5, 8.25, 3.75], "texture": "#0"}
			},
			"to": [9.512, 4.1888, 6.5504],
			"from": [9.512, 3.584, 5.4656],
			"rotation": {"angle": 0, "axis": "y", "origin": [7.6976, 2.9792, 7.8848]}
		},
		{
			"faces": {
				"north": {"uv": [7.5, 3.75, 8, 4], "texture": "#0"},
				"east": {"uv": [0, 0, 0, 1], "texture": "#0"},
				"south": {"uv": [7.5, 3.5, 8, 3.75], "texture": "#0"},
				"west": {"uv": [0, 0, 0, 1], "texture": "#0"},
				"up": {"uv": [0, 0, 2, 0], "texture": "#0"},
				"down": {"uv": [0, 0, 2, 0], "texture": "#0"}
			},
			"to": [7.6976, 4.1888, 5.4656],
			"from": [6.488, 3.584, 5.4656],
			"rotation": {"angle": 0, "axis": "y", "origin": [7.6976, 2.9792, 7.8848]}
		},
		{
			"faces": {
				"north": {"uv": [7.5, 3.5, 8, 3.75], "texture": "#0"},
				"east": {"uv": [0, 0, 0, 1], "texture": "#0"},
				"south": {"uv": [7.5, 3.5, 8, 3.75], "texture": "#0"},
				"west": {"uv": [0, 0, 0, 1], "texture": "#0"},
				"up": {"uv": [0, 0, 2, 0], "texture": "#0"},
				"down": {"uv": [0, 0, 2, 0], "texture": "#0"}
			},
			"to": [9.512, 4.1888, 5.4656],
			"from": [8.3024, 3.584, 5.4656],
			"rotation": {"angle": 0, "axis": "y", "origin": [7.6976, 2.9792, 7.8848]}
		}
	],
	"display": {
		"head": {
			"translation": [0, 5.6, 0],
			"scale": [4, 4, 4],
			"rotation": [0, 0, 0]
		}
	}
}