{
	"__credit": "Generated using Animated Java (https://animated-java.dev/)",
	"textures": {
		"0": "minecraft:fnaf/foxy",
		"10": "minecraft:fnaf/freddy_gameover"
	},
	"elements": [
		{
			"faces": {
				"north": {"uv": [5, 12.75, 5.5, 14.5], "texture": "#0"},
				"east": {"uv": [5, 12.75, 5.5, 14.5], "texture": "#0"},
				"south": {"uv": [5, 12.75, 5.5, 14.5], "texture": "#0"},
				"west": {"uv": [5, 12.75, 5.5, 14.5], "texture": "#0"},
				"up": {"uv": [5, 12.75, 5.5, 13.25], "texture": "#0"},
				"down": {"uv": [5, 14, 5.5, 14.5], "texture": "#0"}
			},
			"to": [8.5568, 4.9648, 8.5952],
			"from": [7.3664, 0.7984, 7.4048],
			"rotation": {"angle": 0, "axis": "y", "origin": [4.0928, 6.1552, 2.6432]}
		},
		{
			"faces": {
				"north": {"uv": [0, 13, 1, 14.5], "rotation": 180, "texture": "#10"},
				"east": {"uv": [0, 13, 1, 14.5], "texture": "#10"},
				"south": {"uv": [0, 13, 1, 14.5], "texture": "#10"},
				"west": {"uv": [0, 13, 1, 14.5], "texture": "#10"},
				"up": {"uv": [0, 12, 1, 13], "texture": "#10"},
				"down": {"uv": [0, 12, 1, 13], "texture": "#10"}
			},
			"to": [8.8496, 4.2832, 8.8544],
			"from": [6.4304, 0.6544, 6.4352],
			"rotation": {"angle": 0, "axis": "y", "origin": [5.2208, 2.4688, 7.6448]}
		}
	],
	"display": {
		"head": {
			"translation": [0, 5.6, 0],
			"scale": [4, 4, 4],
			"rotation": [0, 0, 0]
		}
	}
}