{
	"__credit": "Generated using Animated Java (https://animated-java.dev/)",
	"textures": {
		"0": "minecraft:fnaf/foxy",
		"10": "minecraft:fnaf/freddy_gameover"
	},
	"elements": [
		{
			"faces": {
				"north": {"uv": [5, 14.5, 5.5, 16], "texture": "#0"},
				"east": {"uv": [5, 14.5, 5.5, 16], "texture": "#0"},
				"south": {"uv": [5, 14.5, 5.5, 16], "texture": "#0"},
				"west": {"uv": [5, 14.5, 5.5, 16], "texture": "#0"},
				"up": {"uv": [5.75, 15.5, 6.25, 16], "texture": "#0"},
				"down": {"uv": [5.75, 15.5, 6.25, 16], "texture": "#0"}
			},
			"to": [8.576, 4.9792, 8.624],
			"from": [7.3856, 1.408, 7.4336],
			"rotation": {"angle": 0, "axis": "y", "origin": [4.112, 10.336, 2.672]}
		},
		{
			"faces": {
				"north": {"uv": [3.75, 15.75, 4.5, 16], "texture": "#0"},
				"east": {"uv": [2.25, 15.75, 3.75, 16], "texture": "#0"},
				"south": {"uv": [2.25, 15.75, 3, 16], "texture": "#0"},
				"west": {"uv": [3.75, 16, 2.25, 15.75], "texture": "#0"},
				"up": {"uv": [3.75, 14.25, 4.5, 15.75], "rotation": 180, "texture": "#0"},
				"down": {"uv": [3, 14.25, 3.75, 15.75], "texture": "#0"}
			},
			"to": [8.8736, 1.408, 9.2192],
			"from": [7.088, 0.8128, 5.648],
			"rotation": {"angle": 0, "axis": "y", "origin": [4.112, 10.336, 2.672]}
		},
		{
			"faces": {
				"north": {"uv": [5.5, 10, 6.5, 10.5], "texture": "#10"},
				"east": {"uv": [4.5, 10, 5.5, 10.5], "texture": "#10"},
				"south": {"uv": [4.5, 10, 5.5, 10.5], "texture": "#10"},
				"west": {"uv": [4, 10, 5.5, 10.5], "texture": "#10"},
				"up": {"uv": [5.5, 8.5, 6.5, 10], "texture": "#10"},
				"down": {"uv": [4.5, 8.5, 5.5, 10], "texture": "#10"}
			},
			"to": [8.8688, 1.2064, 8.8832],
			"from": [6.4496, -0.0032, 5.2544],
			"rotation": {"angle": 0, "axis": "y", "origin": [4.0304, 9.6736, 2.2304]}
		},
		{
			"faces": {
				"north": {"uv": [0, 13, 1, 14.5], "rotation": 180, "texture": "#10"},
				"east": {"uv": [0, 13, 1, 14.5], "texture": "#10"},
				"south": {"uv": [0, 13, 1, 14.5], "texture": "#10"},
				"west": {"uv": [0, 13, 1, 14.5], "texture": "#10"},
				"up": {"uv": [0, 12, 1, 13], "texture": "#10"},
				"down": {"uv": [0, 12, 1, 13], "texture": "#10"}
			},
			"to": [8.8688, 4.8352, 8.8832],
			"from": [6.4496, 1.2064, 6.464],
			"rotation": {"angle": 0, "axis": "y", "origin": [5.24, 6.6496, 7.6736]}
		},
		{
			"faces": {
				"north": {"uv": [3, 10, 4, 10.75], "texture": "#10"},
				"east": {"uv": [3, 10, 3.25, 10.75], "texture": "#10"},
				"south": {"uv": [4, 10, 3, 10.75], "texture": "#10"},
				"west": {"uv": [3.75, 10, 4, 10.75], "texture": "#10"},
				"up": {"uv": [4, 10, 3, 10.25], "texture": "#10"},
				"down": {"uv": [4, 10.5, 3, 10.75], "texture": "#10"}
			},
			"to": [8.8288, 8.24, 8.464],
			"from": [6.4096, 6.4256, 7.8592],
			"rotation": {"angle": 22.5, "axis": "x", "origin": [4.0304, 9.6736, 2.2304]}
		}
	],
	"display": {
		"head": {
			"translation": [0, 5.6, 0],
			"scale": [4, 4, 4],
			"rotation": [0, 0, 0]
		}
	}
}