{
	"__credit": "Generated using Animated Java (https://animated-java.dev/)",
	"textures": {
		"0": "minecraft:fnaf/foxy",
		"10": "minecraft:fnaf/freddy_gameover"
	},
	"elements": [
		{
			"faces": {
				"north": {"uv": [0, 11.75, 2, 12.25], "texture": "#0"},
				"east": {"uv": [5.75, 15.5, 6.25, 16], "texture": "#0"},
				"south": {"uv": [0, 11.75, 2, 12.25], "texture": "#0"},
				"west": {"uv": [5.75, 15.5, 6.25, 16], "texture": "#0"},
				"up": {"uv": [0, 11.75, 2, 12.25], "texture": "#0"},
				"down": {"uv": [0, 11.75, 2, 12.25], "texture": "#0"}
			},
			"to": [8.6048, 5.6144, 8.6752],
			"from": [3.8432, 4.424, 7.4848],
			"rotation": {"angle": 0, "axis": "y", "origin": [8.6048, 5.0192, 8.08]}
		},
		{
			"faces": {
				"north": {"uv": [0, 15.5, 0.5, 16], "texture": "#10"},
				"east": {"uv": [0, 15.5, 0.5, 16], "texture": "#10"},
				"south": {"uv": [0, 15.5, 0.5, 16], "texture": "#10"},
				"west": {"uv": [0, 15.5, 0.5, 16], "texture": "#10"},
				"up": {"uv": [0, 15.5, 0.5, 16], "texture": "#10"},
				"down": {"uv": [0, 15.5, 0.5, 16], "texture": "#10"}
			},
			"to": [8.5712, 5.6336, 8.3296],
			"from": [7.3616, 4.424, 7.12],
			"rotation": {"angle": 0, "axis": "y", "origin": [8.5712, 5.0288, 7.7248]}
		},
		{
			"faces": {
				"north": {"uv": [0, 13, 1, 14.5], "rotation": 90, "texture": "#10"},
				"east": {"uv": [0, 12, 1, 13], "rotation": 90, "texture": "#10"},
				"south": {"uv": [0, 13, 1, 14.5], "rotation": 90, "texture": "#10"},
				"west": {"uv": [0, 12, 1, 13], "rotation": 90, "texture": "#10"},
				"up": {"uv": [0, 13, 1, 14.5], "rotation": 90, "texture": "#10"},
				"down": {"uv": [0, 13, 1, 14.5], "rotation": 90, "texture": "#10"}
			},
			"to": [7.3616, 6.2384, 8.9344],
			"from": [3.7328, 3.8192, 6.5152],
			"rotation": {"angle": 0, "axis": "y", "origin": [8.5712, 5.0288, 7.7248]}
		}
	],
	"display": {
		"head": {
			"translation": [0, 5.6, 0],
			"scale": [4, 4, 4],
			"rotation": [0, 0, 0]
		}
	}
}