{
	"__credit": "Generated using Animated Java (https://animated-java.dev/)",
	"textures": {
		"0": "minecraft:fnaf/foxy",
		"10": "minecraft:fnaf/freddy_gameover"
	},
	"elements": [
		{
			"faces": {
				"north": {"uv": [0.75, 11, 1.5, 11.75], "texture": "#0"},
				"east": {"uv": [0, 11, 0.75, 11.75], "texture": "#0"},
				"south": {"uv": [2.25, 11, 3, 11.75], "texture": "#0"},
				"west": {"uv": [1.5, 11, 2.25, 11.75], "texture": "#0"},
				"up": {"uv": [0.75, 10.25, 1.5, 11], "texture": "#0"},
				"down": {"uv": [1.5, 10.25, 2.25, 11], "texture": "#0"}
			},
			"to": [4.448, 5.912, 8.9728],
			"from": [2.6624, 4.1264, 7.1872],
			"rotation": {"angle": 0, "axis": "y", "origin": [9.8048, -0.9328, 2.7232]}
		},
		{
			"faces": {
				"north": {"uv": [2, 11.75, 3.5, 12.25], "texture": "#0"},
				"east": {"uv": [5.75, 15.5, 6.25, 16], "texture": "#0"},
				"south": {"uv": [2, 11.75, 3.5, 12.25], "texture": "#0"},
				"west": {"uv": [5.75, 15.5, 6.25, 16], "texture": "#0"},
				"up": {"uv": [2, 11.75, 3.5, 12.25], "texture": "#0"},
				"down": {"uv": [2, 11.75, 3.5, 12.25], "texture": "#0"}
			},
			"to": [8.0192, 5.6144, 8.6752],
			"from": [4.448, 4.424, 7.4848],
			"rotation": {"angle": 0, "axis": "y", "origin": [12.7808, 5.0192, 8.08]}
		},
		{
			"faces": {
				"north": {"uv": [0, 13, 1, 14.5], "rotation": 90, "texture": "#10"},
				"east": {"uv": [0, 12, 1, 13], "rotation": 90, "texture": "#10"},
				"south": {"uv": [0, 13, 1, 14.5], "rotation": 90, "texture": "#10"},
				"west": {"uv": [0, 12, 1, 13], "rotation": 90, "texture": "#10"},
				"up": {"uv": [0, 13, 1, 14.5], "rotation": 90, "texture": "#10"},
				"down": {"uv": [0, 13, 1, 14.5], "rotation": 90, "texture": "#10"}
			},
			"to": [7.9088, 6.2384, 8.9344],
			"from": [4.28, 3.8192, 6.5152],
			"rotation": {"angle": 0, "axis": "y", "origin": [12.7472, 5.0288, 7.7248]}
		},
		{
			"faces": {
				"north": {"uv": [0, 10, 1, 11], "texture": "#10"},
				"east": {"uv": [0, 12, 1, 13], "texture": "#10"},
				"south": {"uv": [2, 10, 3, 11], "texture": "#10"},
				"west": {"uv": [1, 10, 2, 11], "texture": "#10"},
				"up": {"uv": [0, 11, 1, 12], "texture": "#10"},
				"down": {"uv": [1, 11, 2, 12], "texture": "#10"}
			},
			"to": [4.28, 6.2384, 8.9344],
			"from": [1.8608, 3.8192, 6.5152],
			"rotation": {"angle": 0, "axis": "y", "origin": [12.7472, 5.0288, 7.7248]}
		}
	],
	"display": {
		"head": {
			"translation": [0, 5.6, 0],
			"scale": [4, 4, 4],
			"rotation": [0, 0, 0]
		}
	}
}