{
	"__credit": "Generated using Animated Java (https://animated-java.dev/)",
	"textures": {
		"2": "minecraft:fnaf/freddy/eye_default"
	},
	"elements": [
		{
			"faces": {
				"north": {"uv": [2, 2, 6, 6], "texture": "#2"},
				"east": {"uv": [2, 2, 6, 6], "texture": "#2"},
				"south": {"uv": [2, 2, 6, 6], "texture": "#2"},
				"west": {"uv": [2, 2, 6, 6], "texture": "#2"},
				"up": {"uv": [2, 2, 6, 6], "texture": "#2"},
				"down": {"uv": [2, 2, 6, 6], "texture": "#2"}
			},
			"to": [9.08864, 3.78464, 6.56403],
			"from": [8.66528, 3.36128, 6.56403],
			"rotation": {"angle": 0, "axis": "y", "origin": [7.6976, 0.5792, 8.1248]}
		},
		{
			"faces": {
				"north": {"uv": [2, 2, 6, 6], "texture": "#2"},
				"east": {"uv": [2, 2, 6, 6], "texture": "#2"},
				"south": {"uv": [2, 2, 6, 6], "texture": "#2"},
				"west": {"uv": [2, 2, 6, 6], "texture": "#2"},
				"up": {"uv": [2, 2, 6, 6], "texture": "#2"},
				"down": {"uv": [2, 2, 6, 6], "texture": "#2"}
			},
			"to": [7.27424, 3.78464, 6.56403],
			"from": [6.85088, 3.36128, 6.56403],
			"rotation": {"angle": 0, "axis": "y", "origin": [7.6976, 0.5792, 8.1248]}
		}
	],
	"display": {
		"head": {
			"translation": [0, 5.6, 0],
			"scale": [4, 4, 4],
			"rotation": [0, 0, 0]
		}
	}
}