{
	"__credit": "Generated using Animated Java (https://animated-java.dev/)",
	"textures": {
		"0": "minecraft:fnaf/foxy",
		"10": "minecraft:fnaf/freddy_gameover"
	},
	"elements": [
		{
			"faces": {
				"north": {"uv": [0, 13, 1, 14.5], "rotation": 180, "texture": "#10"},
				"east": {"uv": [0, 13, 1, 14.5], "texture": "#10"},
				"south": {"uv": [0, 13, 1, 14.5], "texture": "#10"},
				"west": {"uv": [0, 13, 1, 14.5], "texture": "#10"},
				"up": {"uv": [0, 12, 1, 13], "texture": "#10"},
				"down": {"uv": [0, 12, 1, 13], "texture": "#10"}
			},
			"to": [9.5216, 4.8944, 8.8544],
			"from": [7.1024, 1.2656, 6.4352],
			"rotation": {"angle": 0, "axis": "y", "origin": [2.8688, 6.7088, 7.6448]}
		},
		{
			"faces": {
				"north": {"uv": [5.5, 10, 6.5, 10.5], "texture": "#10"},
				"east": {"uv": [4, 10, 5.5, 10.5], "texture": "#10"},
				"south": {"uv": [4.5, 10, 5.5, 10.5], "texture": "#10"},
				"west": {"uv": [4, 10, 5.5, 10.5], "texture": "#10"},
				"up": {"uv": [5.5, 8.5, 6.5, 10], "texture": "#10"},
				"down": {"uv": [4.5, 8.5, 5.5, 10], "texture": "#10"}
			},
			"to": [9.5216, 1.2656, 8.8544],
			"from": [7.1024, 0.056, 5.2256],
			"rotation": {"angle": 0, "axis": "y", "origin": [1.6592, 9.7328, 2.2016]}
		},
		{
			"faces": {
				"north": {"uv": [5, 14.5, 5.5, 16], "texture": "#0"},
				"east": {"uv": [5, 14.5, 5.5, 16], "texture": "#0"},
				"south": {"uv": [5, 14.5, 5.5, 16], "texture": "#0"},
				"west": {"uv": [5, 14.5, 5.5, 16], "texture": "#0"},
				"up": {"uv": [5.75, 15.5, 6.25, 16], "texture": "#0"},
				"down": {"uv": [5.75, 15.5, 6.25, 16], "texture": "#0"}
			},
			"to": [8.5856, 5.0384, 8.5952],
			"from": [7.3952, 1.4672, 7.4048],
			"rotation": {"angle": 0, "axis": "y", "origin": [1.7408, 10.3952, 2.6432]}
		},
		{
			"faces": {
				"north": {"uv": [3.75, 15.75, 4.5, 16], "texture": "#0"},
				"east": {"uv": [2.25, 15.75, 3.75, 16], "texture": "#0"},
				"south": {"uv": [2.25, 15.75, 3, 16], "texture": "#0"},
				"west": {"uv": [3.75, 15.75, 2.25, 16], "texture": "#0"},
				"up": {"uv": [3.75, 14.25, 4.5, 15.75], "rotation": 180, "texture": "#0"},
				"down": {"uv": [3, 14.25, 3.75, 15.75], "texture": "#0"}
			},
			"to": [8.8832, 1.4672, 9.1904],
			"from": [7.0976, 0.872, 5.6192],
			"rotation": {"angle": 0, "axis": "y", "origin": [1.7408, 10.3952, 2.6432]}
		},
		{
			"faces": {
				"north": {"uv": [3, 10, 4, 10.75], "texture": "#10"},
				"east": {"uv": [3, 10, 3.25, 10.75], "texture": "#10"},
				"south": {"uv": [4, 10, 3, 10.75], "texture": "#10"},
				"west": {"uv": [3.75, 10, 4, 10.75], "texture": "#10"},
				"up": {"uv": [4, 10, 3, 10.25], "texture": "#10"},
				"down": {"uv": [4, 10.5, 3, 10.75], "texture": "#10"}
			},
			"to": [9.4816, 8.2992, 8.4352],
			"from": [7.0624, 6.4848, 7.8304],
			"rotation": {"angle": 22.5, "axis": "x", "origin": [1.6592, 9.7328, 2.2016]}
		}
	],
	"display": {
		"head": {
			"translation": [0, 5.6, 0],
			"scale": [4, 4, 4],
			"rotation": [0, 0, 0]
		}
	}
}