{
	"__credit": "Generated using Animated Java (https://animated-java.dev/)",
	"textures": {
		"0": "minecraft:fnaf/foxy",
		"10": "minecraft:fnaf/freddy_gameover"
	},
	"elements": [
		{
			"faces": {
				"north": {"uv": [5, 12.75, 5.5, 14.5], "texture": "#0"},
				"east": {"uv": [5, 12.75, 5.5, 14.5], "texture": "#0"},
				"south": {"uv": [5, 12.75, 5.5, 14.5], "texture": "#0"},
				"west": {"uv": [5, 12.75, 5.5, 14.5], "texture": "#0"},
				"up": {"uv": [5, 12.75, 5.5, 13.25], "texture": "#0"},
				"down": {"uv": [5, 14, 5.5, 14.5], "texture": "#0"}
			},
			"to": [8.5856, 5.0048, 8.6752],
			"from": [7.3952, 0.8384, 7.4848],
			"rotation": {"angle": 0, "axis": "y", "origin": [1.7408, 6.1952, 2.7232]}
		},
		{
			"faces": {
				"north": {"uv": [0, 13, 1, 14.5], "rotation": 180, "texture": "#10"},
				"east": {"uv": [0, 13, 1, 14.5], "texture": "#10"},
				"south": {"uv": [0, 13, 1, 14.5], "texture": "#10"},
				"west": {"uv": [0, 13, 1, 14.5], "texture": "#10"},
				"up": {"uv": [0, 12, 1, 13], "texture": "#10"},
				"down": {"uv": [0, 12, 1, 13], "texture": "#10"}
			},
			"to": [9.5216, 4.3232, 8.9344],
			"from": [7.1024, 0.6944, 6.5152],
			"rotation": {"angle": 0, "axis": "y", "origin": [2.8688, 2.5088, 7.7248]}
		}
	],
	"display": {
		"head": {
			"translation": [0, 5.6, 0],
			"scale": [4, 4, 4],
			"rotation": [0, 0, 0]
		}
	}
}