{
	"__credit": "Generated using Animated Java (https://animated-java.dev/)",
	"textures": {
		"0": "minecraft:fnaf/foxy",
		"10": "minecraft:fnaf/freddy_gameover"
	},
	"elements": [
		{
			"faces": {
				"north": {"uv": [0, 13, 1, 14.5], "rotation": 90, "texture": "#10"},
				"east": {"uv": [0, 12, 1, 13], "rotation": 90, "texture": "#10"},
				"south": {"uv": [0, 13, 1, 14.5], "rotation": 90, "texture": "#10"},
				"west": {"uv": [0, 12, 1, 13], "rotation": 90, "texture": "#10"},
				"up": {"uv": [0, 13, 1, 14.5], "rotation": 90, "texture": "#10"},
				"down": {"uv": [0, 13, 1, 14.5], "rotation": 90, "texture": "#10"}
			},
			"to": [11.72, 6.2384, 8.9344],
			"from": [8.0912, 3.8192, 6.5152],
			"rotation": {"angle": 0, "axis": "y", "origin": [-0.9808, 5.0288, 7.7248]}
		},
		{
			"faces": {
				"north": {"uv": [1, 10, 0, 11], "texture": "#10"},
				"east": {"uv": [2, 10, 1, 11], "texture": "#10"},
				"south": {"uv": [3, 10, 2, 11], "texture": "#10"},
				"west": {"uv": [1, 12, 0, 13], "texture": "#10"},
				"up": {"uv": [1, 11, 0, 12], "texture": "#10"},
				"down": {"uv": [2, 11, 1, 12], "texture": "#10"}
			},
			"to": [14.1392, 6.2384, 8.9344],
			"from": [11.72, 3.8192, 6.5152],
			"rotation": {"angle": 0, "axis": "y", "origin": [2.648, 5.0288, 7.7248]}
		},
		{
			"faces": {
				"north": {"uv": [2, 11.75, 3.5, 12.25], "texture": "#0"},
				"east": {"uv": [5.75, 15.5, 6.25, 16], "texture": "#0"},
				"south": {"uv": [2, 11.75, 3.5, 12.25], "texture": "#0"},
				"west": {"uv": [5.75, 15.5, 6.25, 16], "texture": "#0"},
				"up": {"uv": [2, 11.75, 3.5, 12.25], "texture": "#0"},
				"down": {"uv": [2, 11.75, 3.5, 12.25], "texture": "#0"}
			},
			"to": [11.552, 5.6144, 8.6752],
			"from": [7.9808, 4.424, 7.4848],
			"rotation": {"angle": 0, "axis": "y", "origin": [-0.9472, 5.0192, 8.08]}
		},
		{
			"faces": {
				"north": {"uv": [2.25, 11, 3, 11.75], "texture": "#0"},
				"east": {"uv": [1.5, 11, 2.25, 11.75], "texture": "#0"},
				"south": {"uv": [0.75, 11, 1.5, 11.75], "texture": "#0"},
				"west": {"uv": [0, 11, 0.75, 11.75], "texture": "#0"},
				"up": {"uv": [0.75, 10.25, 1.5, 11], "rotation": 180, "texture": "#0"},
				"down": {"uv": [1.5, 10.25, 2.25, 11], "rotation": 180, "texture": "#0"}
			},
			"to": [13.2992, 5.912, 8.8192],
			"from": [11.5136, 4.1264, 7.0336],
			"rotation": {"angle": 0, "axis": "y", "origin": [10.4768, 7.2272, 2.7232]}
		}
	],
	"display": {
		"head": {
			"translation": [0, 5.6, 0],
			"scale": [4, 4, 4],
			"rotation": [0, 0, 0]
		}
	}
}