{
	"__credit": "Generated using Animated Java (https://animated-java.dev/)",
	"textures": {
		"4": "minecraft:fnaf/props/wires",
		"11": "minecraft:fnaf/props/partsservice_shelf",
		"12": "minecraft:fnaf/props/partsservice_table"
	},
	"elements": [
		{
			"faces": {
				"north": {"uv": [8, 12.25, 8.5, 16], "texture": "#12"},
				"east": {"uv": [8.5, 12.25, 8, 16], "texture": "#12"},
				"south": {"uv": [8, 12.25, 8.5, 16], "texture": "#12"},
				"west": {"uv": [8.5, 12.25, 8, 16], "texture": "#12"},
				"up": {"uv": [8, 12.25, 8.5, 16], "texture": "#12"},
				"down": {"uv": [8, 12.25, 8.5, 16], "texture": "#12"}
			},
			"to": [5.6, 11.4, 17.6],
			"from": [4.8, 5, 16.8],
			"rotation": {"angle": 0, "axis": "y", "origin": [8, 5, 8]}
		},
		{
			"faces": {
				"north": {"uv": [8.5, 12.25, 9, 16], "texture": "#12"},
				"east": {"uv": [9, 12.25, 8.5, 16], "texture": "#12"},
				"south": {"uv": [8.5, 12.25, 9, 16], "texture": "#12"},
				"west": {"uv": [9, 12.25, 8.5, 16], "texture": "#12"},
				"up": {"uv": [8.5, 12.25, 9, 16], "texture": "#12"},
				"down": {"uv": [8.5, 12.25, 9, 16], "texture": "#12"}
			},
			"to": [17.6, 11.4, 17.6],
			"from": [16.8, 5, 16.8],
			"rotation": {"angle": 0, "axis": "y", "origin": [8, 5, 8]}
		},
		{
			"faces": {
				"north": {"uv": [8.5, 12.25, 9, 16], "texture": "#12"},
				"east": {"uv": [9, 12.25, 8.5, 16], "texture": "#12"},
				"south": {"uv": [8.5, 12.25, 9, 16], "texture": "#12"},
				"west": {"uv": [9, 12.25, 8.5, 16], "texture": "#12"},
				"up": {"uv": [8.5, 12.25, 9, 16], "texture": "#12"},
				"down": {"uv": [8.5, 12.25, 9, 16], "texture": "#12"}
			},
			"to": [17.6, 11.4, -7.2],
			"from": [16.8, 5, -8],
			"rotation": {"angle": 0, "axis": "y", "origin": [8, 5, 8]}
		},
		{
			"faces": {
				"north": {"uv": [8, 12.25, 8.5, 16], "texture": "#12"},
				"east": {"uv": [8.5, 12.25, 8, 16], "texture": "#12"},
				"south": {"uv": [8, 12.25, 8.5, 16], "texture": "#12"},
				"west": {"uv": [8.5, 12.25, 8, 16], "texture": "#12"},
				"up": {"uv": [8, 12.25, 8.5, 16], "texture": "#12"},
				"down": {"uv": [8, 12.25, 8.5, 16], "texture": "#12"}
			},
			"to": [5.6, 11.4, -7.2],
			"from": [4.8, 5, -8],
			"rotation": {"angle": 0, "axis": "y", "origin": [8, 5, 8]}
		},
		{
			"faces": {
				"north": {"uv": [8, 0, 0, 0.25], "texture": "#12"},
				"east": {"uv": [7.75, 0, 7.75, 16], "rotation": 90, "texture": "#12"},
				"south": {"uv": [0, 15.75, 7.75, 16], "texture": "#12"},
				"west": {"uv": [0, 16, 0.25, 0], "rotation": 90, "texture": "#12"},
				"up": {"uv": [0, 0, 8, 16], "texture": "#12"},
				"down": {"uv": [0, 16, 8, 0], "texture": "#12"}
			},
			"to": [17.6, 11.8, 17.6],
			"from": [4.8, 11.4, -8],
			"rotation": {"angle": 0, "axis": "y", "origin": [8, 5, 8]}
		},
		{
			"faces": {
				"north": {"uv": [0, 0, 0, 16], "texture": "#4"},
				"east": {"uv": [0, 0, 7.5, 16], "texture": "#4"},
				"south": {"uv": [0, 0, 0, 16], "texture": "#4"},
				"up": {"uv": [0, 0, 0, 16], "texture": "#4"},
				"down": {"uv": [0, 0, 0, 16], "texture": "#4"}
			},
			"to": [-7.96, 17.8, 11.2],
			"from": [-7.96, 5, 4.8],
			"rotation": {"angle": 0, "axis": "y", "origin": [8, 5, 1.6]}
		},
		{
			"faces": {
				"north": {"uv": [0, 0, 0, 16], "texture": "#4"},
				"east": {"uv": [7.5, 0, 0, 16], "texture": "#4"},
				"south": {"uv": [0, 0, 0, 16], "texture": "#4"},
				"up": {"uv": [0, 0, 0, 16], "texture": "#4"},
				"down": {"uv": [0, 0, 0, 16], "texture": "#4"}
			},
			"to": [-7.96, 17.8, 4.8],
			"from": [-7.96, 5, -1.6],
			"rotation": {"angle": 0, "axis": "y", "origin": [8, 5, 1.6]}
		},
		{
			"faces": {
				"north": {"uv": [0, 0, 0, 16], "texture": "#4"},
				"east": {"uv": [7.5, 0, 0, 16], "texture": "#4"},
				"south": {"uv": [0, 0, 0, 16], "texture": "#4"},
				"up": {"uv": [0, 0, 0, 16], "texture": "#4"},
				"down": {"uv": [0, 0, 0, 16], "texture": "#4"}
			},
			"to": [-7.96, 17.8, -1.6],
			"from": [-7.96, 5, -8],
			"rotation": {"angle": 0, "axis": "y", "origin": [8, 5, 1.6]}
		},
		{
			"faces": {
				"north": {"uv": [0, 0, 0, 16], "texture": "#4"},
				"east": {"uv": [7.5, 0, 0, 16], "texture": "#4"},
				"south": {"uv": [0, 0, 0, 16], "texture": "#4"},
				"up": {"uv": [0, 0, 0, 16], "texture": "#4"},
				"down": {"uv": [0, 0, 0, 16], "texture": "#4"}
			},
			"to": [-7.96, 17.8, -8],
			"from": [-7.96, 5, -14.4],
			"rotation": {"angle": 0, "axis": "y", "origin": [8, 5, 1.6]}
		},
		{
			"faces": {
				"north": {"uv": [0, 0, 0, 16], "texture": "#4"},
				"east": {"uv": [0, 0, 7.5, 16], "texture": "#4"},
				"south": {"uv": [0, 0, 0, 16], "texture": "#4"},
				"up": {"uv": [0, 0, 0, 16], "texture": "#4"},
				"down": {"uv": [0, 0, 0, 16], "texture": "#4"}
			},
			"to": [-7.96, 30.6, 11.2],
			"from": [-7.96, 17.8, 4.8],
			"rotation": {"angle": 0, "axis": "y", "origin": [8, 5, 1.6]}
		},
		{
			"faces": {
				"north": {"uv": [0, 0, 0, 16], "texture": "#4"},
				"east": {"uv": [7.5, 0, 0, 16], "texture": "#4"},
				"south": {"uv": [0, 0, 0, 16], "texture": "#4"},
				"up": {"uv": [0, 0, 0, 16], "texture": "#4"},
				"down": {"uv": [0, 0, 0, 16], "texture": "#4"}
			},
			"to": [-7.96, 30.6, 4.8],
			"from": [-7.96, 17.8, -1.6],
			"rotation": {"angle": 0, "axis": "y", "origin": [8, 5, 1.6]}
		},
		{
			"faces": {
				"north": {"uv": [0, 0, 0, 16], "texture": "#4"},
				"east": {"uv": [7.5, 0, 0, 16], "texture": "#4"},
				"south": {"uv": [0, 0, 0, 16], "texture": "#4"},
				"up": {"uv": [0, 0, 0, 16], "texture": "#4"},
				"down": {"uv": [0, 0, 0, 16], "texture": "#4"}
			},
			"to": [-7.96, 30.6, -1.6],
			"from": [-7.96, 17.8, -8],
			"rotation": {"angle": 0, "axis": "y", "origin": [8, 5, 1.6]}
		},
		{
			"faces": {
				"north": {"uv": [0, 0, 0, 16], "texture": "#4"},
				"east": {"uv": [7.5, 0, 0, 16], "texture": "#4"},
				"south": {"uv": [0, 0, 0, 16], "texture": "#4"},
				"up": {"uv": [0, 0, 0, 16], "texture": "#4"},
				"down": {"uv": [0, 0, 0, 16], "texture": "#4"}
			},
			"to": [-7.96, 30.6, -8],
			"from": [-7.96, 17.8, -14.4],
			"rotation": {"angle": 0, "axis": "y", "origin": [8, 5, 1.6]}
		},
		{
			"faces": {
				"north": {"uv": [3.25, 0, 3.5, 1], "texture": "#11"},
				"east": {"uv": [3, 0, 3.5, 1], "texture": "#11"},
				"south": {"uv": [3, 0, 3.25, 1], "texture": "#11"},
				"west": {"uv": [3.5, 0, 3, 1], "texture": "#11"},
				"up": {"uv": [3, 0, 3.5, 1], "texture": "#11"},
				"down": {"uv": [3, 0.75, 3.5, 1], "rotation": 90, "texture": "#11"}
			},
			"to": [-6.8, 24.2, 30.4],
			"from": [-7.2, 22.6, 29.6],
			"rotation": {"angle": 0, "axis": "y", "origin": [8, 5, 8]}
		},
		{
			"faces": {
				"north": {"uv": [3.25, 0, 3.5, 1], "texture": "#11"},
				"east": {"uv": [3, 0, 3.5, 1], "texture": "#11"},
				"south": {"uv": [3, 0, 3.25, 1], "texture": "#11"},
				"west": {"uv": [3.5, 0, 3, 1], "texture": "#11"},
				"up": {"uv": [3, 0, 3.5, 1], "texture": "#11"},
				"down": {"uv": [3, 0.75, 3.5, 1], "rotation": 90, "texture": "#11"}
			},
			"to": [-6.8, 17.8, 30.4],
			"from": [-7.2, 16.2, 29.6],
			"rotation": {"angle": 0, "axis": "y", "origin": [8, 5, 8]}
		},
		{
			"faces": {
				"north": {"uv": [3.25, 0, 3.5, 1], "texture": "#11"},
				"east": {"uv": [3, 0, 3.5, 1], "texture": "#11"},
				"south": {"uv": [3, 0, 3.25, 1], "texture": "#11"},
				"west": {"uv": [3.5, 0, 3, 1], "texture": "#11"},
				"up": {"uv": [3, 0, 3.5, 1], "texture": "#11"},
				"down": {"uv": [3, 0.75, 3.5, 1], "rotation": 90, "texture": "#11"}
			},
			"to": [-0.8, 17.8, 30.4],
			"from": [-1.2, 16.2, 29.6],
			"rotation": {"angle": 0, "axis": "y", "origin": [8, 5, 8]}
		},
		{
			"faces": {
				"north": {"uv": [3.25, 0, 3.5, 1], "texture": "#11"},
				"east": {"uv": [3, 0, 3.5, 1], "texture": "#11"},
				"south": {"uv": [3, 0, 3.25, 1], "texture": "#11"},
				"west": {"uv": [3.5, 0, 3, 1], "texture": "#11"},
				"up": {"uv": [3, 0, 3.5, 1], "texture": "#11"},
				"down": {"uv": [3, 0.75, 3.5, 1], "rotation": 90, "texture": "#11"}
			},
			"to": [-0.8, 24.2, 30.4],
			"from": [-1.2, 22.6, 29.6],
			"rotation": {"angle": 0, "axis": "y", "origin": [8, 5, 8]}
		},
		{
			"faces": {
				"north": {"uv": [3.25, 0, 3.5, 1], "texture": "#11"},
				"east": {"uv": [3, 0, 3.5, 1], "texture": "#11"},
				"south": {"uv": [3, 0, 3.25, 1], "texture": "#11"},
				"west": {"uv": [3.5, 0, 3, 1], "texture": "#11"},
				"up": {"uv": [3, 0, 3.5, 1], "texture": "#11"},
				"down": {"uv": [3, 0.75, 3.5, 1], "rotation": 90, "texture": "#11"}
			},
			"to": [10.8, 17.8, 30.4],
			"from": [10.4, 16.2, 29.6],
			"rotation": {"angle": 0, "axis": "y", "origin": [8, 5, 8]}
		},
		{
			"faces": {
				"north": {"uv": [3.25, 0, 3.5, 1], "texture": "#11"},
				"east": {"uv": [3, 0, 3.5, 1], "texture": "#11"},
				"south": {"uv": [3, 0, 3.25, 1], "texture": "#11"},
				"west": {"uv": [3.5, 0, 3, 1], "texture": "#11"},
				"up": {"uv": [3, 0, 3.5, 1], "texture": "#11"},
				"down": {"uv": [3, 0.75, 3.5, 1], "rotation": 90, "texture": "#11"}
			},
			"to": [10.8, 24.2, 30.4],
			"from": [10.4, 22.6, 29.6],
			"rotation": {"angle": 0, "axis": "y", "origin": [8, 5, 8]}
		},
		{
			"faces": {
				"north": {"uv": [3.25, 0, 3.5, 1], "texture": "#11"},
				"east": {"uv": [3, 0, 3.5, 1], "texture": "#11"},
				"south": {"uv": [3, 0, 3.25, 1], "texture": "#11"},
				"west": {"uv": [3.5, 0, 3, 1], "texture": "#11"},
				"up": {"uv": [3, 0, 3.5, 1], "texture": "#11"},
				"down": {"uv": [3, 0.75, 3.5, 1], "rotation": 90, "texture": "#11"}
			},
			"to": [16.8, 17.8, 30.4],
			"from": [16.4, 16.2, 29.6],
			"rotation": {"angle": 0, "axis": "y", "origin": [8, 5, 8]}
		},
		{
			"faces": {
				"north": {"uv": [3.25, 0, 3.5, 1], "texture": "#11"},
				"east": {"uv": [3, 0, 3.5, 1], "texture": "#11"},
				"south": {"uv": [3, 0, 3.25, 1], "texture": "#11"},
				"west": {"uv": [3.5, 0, 3, 1], "texture": "#11"},
				"up": {"uv": [3, 0, 3.5, 1], "texture": "#11"},
				"down": {"uv": [3, 0.75, 3.5, 1], "rotation": 90, "texture": "#11"}
			},
			"to": [-6.8, 11, 30.4],
			"from": [-7.2, 9.4, 29.6],
			"rotation": {"angle": 0, "axis": "y", "origin": [8, 5, 8]}
		},
		{
			"faces": {
				"north": {"uv": [3.25, 0, 3.5, 1], "texture": "#11"},
				"east": {"uv": [3, 0, 3.5, 1], "texture": "#11"},
				"south": {"uv": [3, 0, 3.25, 1], "texture": "#11"},
				"west": {"uv": [3.5, 0, 3, 1], "texture": "#11"},
				"up": {"uv": [3, 0, 3.5, 1], "texture": "#11"},
				"down": {"uv": [3, 0.75, 3.5, 1], "rotation": 90, "texture": "#11"}
			},
			"to": [-0.8, 11, 30.4],
			"from": [-1.2, 9.4, 29.6],
			"rotation": {"angle": 0, "axis": "y", "origin": [8, 5, 8]}
		},
		{
			"faces": {
				"north": {"uv": [3.25, 0, 3.5, 1], "texture": "#11"},
				"east": {"uv": [3, 0, 3.5, 1], "texture": "#11"},
				"south": {"uv": [3, 0, 3.25, 1], "texture": "#11"},
				"west": {"uv": [3.5, 0, 3, 1], "texture": "#11"},
				"up": {"uv": [3, 0, 3.5, 1], "texture": "#11"},
				"down": {"uv": [3, 0.75, 3.5, 1], "rotation": 90, "texture": "#11"}
			},
			"to": [10.8, 11, 30.4],
			"from": [10.4, 9.4, 29.6],
			"rotation": {"angle": 0, "axis": "y", "origin": [8, 5, 8]}
		},
		{
			"faces": {
				"north": {"uv": [3.25, 0, 3.5, 1], "texture": "#11"},
				"east": {"uv": [3, 0, 3.5, 1], "texture": "#11"},
				"south": {"uv": [3, 0, 3.25, 1], "texture": "#11"},
				"west": {"uv": [3.5, 0, 3, 1], "texture": "#11"},
				"up": {"uv": [3, 0, 3.5, 1], "texture": "#11"},
				"down": {"uv": [3, 0.75, 3.5, 1], "rotation": 90, "texture": "#11"}
			},
			"to": [16.8, 11, 30.4],
			"from": [16.4, 9.4, 29.6],
			"rotation": {"angle": 0, "axis": "y", "origin": [8, 5, 8]}
		},
		{
			"faces": {
				"north": {"uv": [3.25, 0, 3.5, 1], "texture": "#11"},
				"east": {"uv": [3, 0, 3.5, 1], "texture": "#11"},
				"south": {"uv": [3, 0, 3.25, 1], "texture": "#11"},
				"west": {"uv": [3.5, 0, 3, 1], "texture": "#11"},
				"up": {"uv": [3, 0, 3.5, 1], "texture": "#11"},
				"down": {"uv": [3, 0.75, 3.5, 1], "rotation": 90, "texture": "#11"}
			},
			"to": [16.8, 24.2, 30.4],
			"from": [16.4, 22.6, 29.6],
			"rotation": {"angle": 0, "axis": "y", "origin": [8, 5, 8]}
		},
		{
			"faces": {
				"north": {"uv": [3, 0, 3.5, 1], "texture": "#11"},
				"east": {"uv": [3, 0, 3.25, 1], "texture": "#11"},
				"south": {"uv": [3.5, 0, 3, 1], "texture": "#11"},
				"west": {"uv": [3.25, 0, 3.5, 1], "texture": "#11"},
				"up": {"uv": [3, 0, 3.5, 0.75], "texture": "#11"},
				"down": {"uv": [3.5, 0.75, 3, 1], "texture": "#11"}
			},
			"to": [23.6, 24.2, -6.8],
			"from": [22.8, 22.6, -7.2],
			"rotation": {"angle": 0, "axis": "y", "origin": [8, 5, 8]}
		},
		{
			"faces": {
				"north": {"uv": [3, 0, 3.5, 1], "texture": "#11"},
				"east": {"uv": [3, 0, 3.25, 1], "texture": "#11"},
				"south": {"uv": [3.5, 0, 3, 1], "texture": "#11"},
				"west": {"uv": [3.25, 0, 3.5, 1], "texture": "#11"},
				"up": {"uv": [3, 0, 3.5, 0.75], "texture": "#11"},
				"down": {"uv": [3.5, 0.75, 3, 1], "texture": "#11"}
			},
			"to": [23.6, 24.2, -0.8],
			"from": [22.8, 22.6, -1.2],
			"rotation": {"angle": 0, "axis": "y", "origin": [8, 5, 8]}
		},
		{
			"faces": {
				"north": {"uv": [3, 0, 3.5, 1], "texture": "#11"},
				"east": {"uv": [3, 0, 3.25, 1], "texture": "#11"},
				"south": {"uv": [3.5, 0, 3, 1], "texture": "#11"},
				"west": {"uv": [3.25, 0, 3.5, 1], "texture": "#11"},
				"up": {"uv": [3, 0, 3.5, 0.75], "texture": "#11"},
				"down": {"uv": [3.5, 0.75, 3, 1], "texture": "#11"}
			},
			"to": [23.6, 24.2, 10.8],
			"from": [22.8, 22.6, 10.4],
			"rotation": {"angle": 0, "axis": "y", "origin": [8, 5, 8]}
		},
		{
			"faces": {
				"north": {"uv": [3, 0, 3.5, 1], "texture": "#11"},
				"east": {"uv": [3, 0, 3.25, 1], "texture": "#11"},
				"south": {"uv": [3.5, 0, 3, 1], "texture": "#11"},
				"west": {"uv": [3.25, 0, 3.5, 1], "texture": "#11"},
				"up": {"uv": [3, 0, 3.5, 0.75], "texture": "#11"},
				"down": {"uv": [3.5, 0.75, 3, 1], "texture": "#11"}
			},
			"to": [23.6, 24.2, 16.8],
			"from": [22.8, 22.6, 16.4],
			"rotation": {"angle": 0, "axis": "y", "origin": [8, 5, 8]}
		},
		{
			"faces": {
				"north": {"uv": [3, 0, 3.5, 1], "texture": "#11"},
				"east": {"uv": [3, 0, 3.25, 1], "texture": "#11"},
				"south": {"uv": [3.5, 0, 3, 1], "texture": "#11"},
				"west": {"uv": [3.25, 0, 3.5, 1], "texture": "#11"},
				"up": {"uv": [3, 0, 3.5, 0.75], "texture": "#11"},
				"down": {"uv": [3.5, 0.75, 3, 1], "texture": "#11"}
			},
			"to": [23.6, 17.8, 16.8],
			"from": [22.8, 16.2, 16.4],
			"rotation": {"angle": 0, "axis": "y", "origin": [8, 5, 8]}
		},
		{
			"faces": {
				"north": {"uv": [3, 0, 3.5, 1], "texture": "#11"},
				"east": {"uv": [3, 0, 3.25, 1], "texture": "#11"},
				"south": {"uv": [3.5, 0, 3, 1], "texture": "#11"},
				"west": {"uv": [3.25, 0, 3.5, 1], "texture": "#11"},
				"up": {"uv": [3, 0, 3.5, 0.75], "texture": "#11"},
				"down": {"uv": [3.5, 0.75, 3, 1], "texture": "#11"}
			},
			"to": [23.6, 17.8, 10.8],
			"from": [22.8, 16.2, 10.4],
			"rotation": {"angle": 0, "axis": "y", "origin": [8, 5, 8]}
		},
		{
			"faces": {
				"north": {"uv": [3, 0, 3.5, 1], "texture": "#11"},
				"east": {"uv": [3, 0, 3.25, 1], "texture": "#11"},
				"south": {"uv": [3.5, 0, 3, 1], "texture": "#11"},
				"west": {"uv": [3.25, 0, 3.5, 1], "texture": "#11"},
				"up": {"uv": [3, 0, 3.5, 0.75], "texture": "#11"},
				"down": {"uv": [3.5, 0.75, 3, 1], "texture": "#11"}
			},
			"to": [23.6, 17.8, -6.8],
			"from": [22.8, 16.2, -7.2],
			"rotation": {"angle": 0, "axis": "y", "origin": [8, 5, 8]}
		},
		{
			"faces": {
				"north": {"uv": [3, 0, 3.5, 1], "texture": "#11"},
				"east": {"uv": [3, 0, 3.25, 1], "texture": "#11"},
				"south": {"uv": [3.5, 0, 3, 1], "texture": "#11"},
				"west": {"uv": [3.25, 0, 3.5, 1], "texture": "#11"},
				"up": {"uv": [3, 0, 3.5, 0.75], "texture": "#11"},
				"down": {"uv": [3.5, 0.75, 3, 1], "texture": "#11"}
			},
			"to": [23.6, 17.8, -0.8],
			"from": [22.8, 16.2, -1.2],
			"rotation": {"angle": 0, "axis": "y", "origin": [8, 5, 8]}
		},
		{
			"faces": {
				"north": {"uv": [3, 0, 3.5, 1], "texture": "#11"},
				"east": {"uv": [3, 0, 3.25, 1], "texture": "#11"},
				"south": {"uv": [3.5, 0, 3, 1], "texture": "#11"},
				"west": {"uv": [3.25, 0, 3.5, 1], "texture": "#11"},
				"up": {"uv": [3, 0, 3.5, 0.75], "texture": "#11"},
				"down": {"uv": [3.5, 0.75, 3, 1], "texture": "#11"}
			},
			"to": [23.6, 11, 16.8],
			"from": [22.8, 9.4, 16.4],
			"rotation": {"angle": 0, "axis": "y", "origin": [8, 5, 8]}
		},
		{
			"faces": {
				"north": {"uv": [3, 0, 3.5, 1], "texture": "#11"},
				"east": {"uv": [3, 0, 3.25, 1], "texture": "#11"},
				"south": {"uv": [3.5, 0, 3, 1], "texture": "#11"},
				"west": {"uv": [3.25, 0, 3.5, 1], "texture": "#11"},
				"up": {"uv": [3, 0, 3.5, 0.75], "texture": "#11"},
				"down": {"uv": [3.5, 0.75, 3, 1], "texture": "#11"}
			},
			"to": [23.6, 11, 10.8],
			"from": [22.8, 9.4, 10.4],
			"rotation": {"angle": 0, "axis": "y", "origin": [8, 5, 8]}
		},
		{
			"faces": {
				"north": {"uv": [3, 0, 3.5, 1], "texture": "#11"},
				"east": {"uv": [3, 0, 3.25, 1], "texture": "#11"},
				"south": {"uv": [3.5, 0, 3, 1], "texture": "#11"},
				"west": {"uv": [3.25, 0, 3.5, 1], "texture": "#11"},
				"up": {"uv": [3, 0, 3.5, 0.75], "texture": "#11"},
				"down": {"uv": [3.5, 0.75, 3, 1], "texture": "#11"}
			},
			"to": [23.6, 11, -0.8],
			"from": [22.8, 9.4, -1.2],
			"rotation": {"angle": 0, "axis": "y", "origin": [8, 5, 8]}
		},
		{
			"faces": {
				"north": {"uv": [3, 0, 3.5, 1], "texture": "#11"},
				"east": {"uv": [3, 0, 3.25, 1], "texture": "#11"},
				"south": {"uv": [3.5, 0, 3, 1], "texture": "#11"},
				"west": {"uv": [3.25, 0, 3.5, 1], "texture": "#11"},
				"up": {"uv": [3, 0, 3.5, 0.75], "texture": "#11"},
				"down": {"uv": [3.5, 0.75, 3, 1], "texture": "#11"}
			},
			"to": [23.6, 11, -6.8],
			"from": [22.8, 9.4, -7.2],
			"rotation": {"angle": 0, "axis": "y", "origin": [8, 5, 8]}
		},
		{
			"faces": {
				"north": {"uv": [3, 0.25, 0, 0], "texture": "#11"},
				"east": {"uv": [2.75, 0, 3, 16], "rotation": 90, "texture": "#11"},
				"south": {"uv": [0, 15.75, 3, 16], "texture": "#11"},
				"west": {"uv": [0, 16, 0.25, 0], "rotation": 90, "texture": "#11"},
				"up": {"uv": [0, 0, 3, 16], "texture": "#11"},
				"down": {"uv": [0, 16, 3, 0], "texture": "#11"}
			},
			"to": [24, 24.6, 17.6],
			"from": [19.2, 24.2, -8],
			"rotation": {"angle": 0, "axis": "y", "origin": [8, 5, 8]}
		},
		{
			"faces": {
				"north": {"uv": [3, 0.25, 0, 0], "texture": "#11"},
				"east": {"uv": [2.75, 0, 3, 16], "rotation": 90, "texture": "#11"},
				"south": {"uv": [0, 15.75, 3, 16], "texture": "#11"},
				"west": {"uv": [0, 16, 0.25, 0], "rotation": 90, "texture": "#11"},
				"up": {"uv": [0, 0, 3, 16], "texture": "#11"},
				"down": {"uv": [0, 16, 3, 0], "texture": "#11"}
			},
			"to": [24, 18.2, 17.6],
			"from": [19.2, 17.8, -8],
			"rotation": {"angle": 0, "axis": "y", "origin": [8, 5, 8]}
		},
		{
			"faces": {
				"north": {"uv": [3, 0.25, 0, 0], "texture": "#11"},
				"east": {"uv": [2.75, 0, 3, 16], "rotation": 90, "texture": "#11"},
				"south": {"uv": [0, 15.75, 3, 16], "texture": "#11"},
				"west": {"uv": [0, 16, 0.25, 0], "rotation": 90, "texture": "#11"},
				"up": {"uv": [0, 0, 3, 16], "texture": "#11"},
				"down": {"uv": [0, 16, 3, 0], "texture": "#11"}
			},
			"to": [24, 11.4, 17.6],
			"from": [19.2, 11, -8],
			"rotation": {"angle": 0, "axis": "y", "origin": [8, 5, 8]}
		},
		{
			"faces": {
				"north": {"uv": [0, 16, 0.25, 0], "rotation": 90, "texture": "#11"},
				"east": {"uv": [3, 0.25, 0, 0], "texture": "#11"},
				"south": {"uv": [2.75, 0, 3, 16], "rotation": 90, "texture": "#11"},
				"west": {"uv": [0, 15.75, 3, 16], "texture": "#11"},
				"up": {"uv": [0, 0, 3, 16], "rotation": 90, "texture": "#11"},
				"down": {"uv": [0, 16, 3, 0], "rotation": 270, "texture": "#11"}
			},
			"to": [17.6, 11.4, 30.4],
			"from": [-8, 11, 25.6],
			"rotation": {"angle": 0, "axis": "y", "origin": [8, 5, 8]}
		},
		{
			"faces": {
				"north": {"uv": [0, 16, 0.25, 0], "rotation": 90, "texture": "#11"},
				"east": {"uv": [3, 0.25, 0, 0], "texture": "#11"},
				"south": {"uv": [2.75, 0, 3, 16], "rotation": 90, "texture": "#11"},
				"west": {"uv": [0, 15.75, 3, 16], "texture": "#11"},
				"up": {"uv": [0, 0, 3, 16], "rotation": 90, "texture": "#11"},
				"down": {"uv": [0, 16, 3, 0], "rotation": 270, "texture": "#11"}
			},
			"to": [17.6, 18.2, 30.4],
			"from": [-8, 17.8, 25.6],
			"rotation": {"angle": 0, "axis": "y", "origin": [8, 5, 8]}
		},
		{
			"faces": {
				"north": {"uv": [0, 16, 0.25, 0], "rotation": 90, "texture": "#11"},
				"east": {"uv": [3, 0.25, 0, 0], "texture": "#11"},
				"south": {"uv": [2.75, 0, 3, 16], "rotation": 90, "texture": "#11"},
				"west": {"uv": [0, 15.75, 3, 16], "texture": "#11"},
				"up": {"uv": [0, 0, 3, 16], "rotation": 90, "texture": "#11"},
				"down": {"uv": [0, 16, 3, 0], "rotation": 270, "texture": "#11"}
			},
			"to": [17.6, 24.6, 30.4],
			"from": [-8, 24.2, 25.6],
			"rotation": {"angle": 0, "axis": "y", "origin": [8, 5, 8]}
		}
	],
	"display": {
		"head": {
			"translation": [0, 5.6, 0],
			"scale": [4, 4, 4],
			"rotation": [0, 0, 0]
		}
	}
}